-- phpMyAdmin SQL Dump
-- version 4.8.4
-- https://www.phpmyadmin.net/
--
-- Servidor: 127.0.0.1:3306
-- Tiempo de generación: 26-06-2019 a las 21:49:42
-- Versión del servidor: 5.7.24
-- Versión de PHP: 7.2.14

SET SQL_MODE = "NO_AUTO_VALUE_ON_ZERO";
SET AUTOCOMMIT = 0;
START TRANSACTION;
SET time_zone = "+00:00";


/*!40101 SET @OLD_CHARACTER_SET_CLIENT=@@CHARACTER_SET_CLIENT */;
/*!40101 SET @OLD_CHARACTER_SET_RESULTS=@@CHARACTER_SET_RESULTS */;
/*!40101 SET @OLD_COLLATION_CONNECTION=@@COLLATION_CONNECTION */;
/*!40101 SET NAMES utf8mb4 */;

--
-- Base de datos: `examen201713197`
--

-- --------------------------------------------------------

--
-- Estructura de tabla para la tabla `auth_group`
--

DROP TABLE IF EXISTS `auth_group`;
CREATE TABLE IF NOT EXISTS `auth_group` (
  `id` int(11) NOT NULL AUTO_INCREMENT,
  `name` varchar(80) NOT NULL,
  PRIMARY KEY (`id`),
  UNIQUE KEY `name` (`name`)
) ENGINE=MyISAM DEFAULT CHARSET=latin1;

-- --------------------------------------------------------

--
-- Estructura de tabla para la tabla `auth_group_permissions`
--

DROP TABLE IF EXISTS `auth_group_permissions`;
CREATE TABLE IF NOT EXISTS `auth_group_permissions` (
  `id` int(11) NOT NULL AUTO_INCREMENT,
  `group_id` int(11) NOT NULL,
  `permission_id` int(11) NOT NULL,
  PRIMARY KEY (`id`),
  UNIQUE KEY `auth_group_permissions_group_id_permission_id_0cd325b0_uniq` (`group_id`,`permission_id`),
  KEY `auth_group_permissio_permission_id_84c5c92e_fk_auth_perm` (`permission_id`)
) ENGINE=MyISAM DEFAULT CHARSET=latin1;

-- --------------------------------------------------------

--
-- Estructura de tabla para la tabla `auth_permission`
--

DROP TABLE IF EXISTS `auth_permission`;
CREATE TABLE IF NOT EXISTS `auth_permission` (
  `id` int(11) NOT NULL AUTO_INCREMENT,
  `name` varchar(255) NOT NULL,
  `content_type_id` int(11) NOT NULL,
  `codename` varchar(100) NOT NULL,
  PRIMARY KEY (`id`),
  UNIQUE KEY `auth_permission_content_type_id_codename_01ab375a_uniq` (`content_type_id`,`codename`)
) ENGINE=MyISAM AUTO_INCREMENT=31 DEFAULT CHARSET=latin1;

--
-- Volcado de datos para la tabla `auth_permission`
--

INSERT INTO `auth_permission` (`id`, `name`, `content_type_id`, `codename`) VALUES
(1, 'Can add log entry', 1, 'add_logentry'),
(2, 'Can change log entry', 1, 'change_logentry'),
(3, 'Can delete log entry', 1, 'delete_logentry'),
(4, 'Can add permission', 2, 'add_permission'),
(5, 'Can change permission', 2, 'change_permission'),
(6, 'Can delete permission', 2, 'delete_permission'),
(7, 'Can add group', 3, 'add_group'),
(8, 'Can change group', 3, 'change_group'),
(9, 'Can delete group', 3, 'delete_group'),
(10, 'Can add user', 4, 'add_user'),
(11, 'Can change user', 4, 'change_user'),
(12, 'Can delete user', 4, 'delete_user'),
(13, 'Can add content type', 5, 'add_contenttype'),
(14, 'Can change content type', 5, 'change_contenttype'),
(15, 'Can delete content type', 5, 'delete_contenttype'),
(16, 'Can add session', 6, 'add_session'),
(17, 'Can change session', 6, 'change_session'),
(18, 'Can delete session', 6, 'delete_session'),
(19, 'Can add application', 7, 'add_application'),
(20, 'Can change application', 7, 'change_application'),
(21, 'Can delete application', 7, 'delete_application'),
(22, 'Can add access token', 8, 'add_accesstoken'),
(23, 'Can change access token', 8, 'change_accesstoken'),
(24, 'Can delete access token', 8, 'delete_accesstoken'),
(25, 'Can add grant', 9, 'add_grant'),
(26, 'Can change grant', 9, 'change_grant'),
(27, 'Can delete grant', 9, 'delete_grant'),
(28, 'Can add refresh token', 10, 'add_refreshtoken'),
(29, 'Can change refresh token', 10, 'change_refreshtoken'),
(30, 'Can delete refresh token', 10, 'delete_refreshtoken');

-- --------------------------------------------------------

--
-- Estructura de tabla para la tabla `auth_user`
--

DROP TABLE IF EXISTS `auth_user`;
CREATE TABLE IF NOT EXISTS `auth_user` (
  `id` int(11) NOT NULL AUTO_INCREMENT,
  `password` varchar(128) NOT NULL,
  `last_login` datetime(6) DEFAULT NULL,
  `is_superuser` tinyint(1) NOT NULL,
  `username` varchar(150) NOT NULL,
  `first_name` varchar(30) NOT NULL,
  `last_name` varchar(150) NOT NULL,
  `email` varchar(254) NOT NULL,
  `is_staff` tinyint(1) NOT NULL,
  `is_active` tinyint(1) NOT NULL,
  `date_joined` datetime(6) NOT NULL,
  PRIMARY KEY (`id`),
  UNIQUE KEY `username` (`username`)
) ENGINE=MyISAM DEFAULT CHARSET=latin1;

-- --------------------------------------------------------

--
-- Estructura de tabla para la tabla `auth_user_groups`
--

DROP TABLE IF EXISTS `auth_user_groups`;
CREATE TABLE IF NOT EXISTS `auth_user_groups` (
  `id` int(11) NOT NULL AUTO_INCREMENT,
  `user_id` int(11) NOT NULL,
  `group_id` int(11) NOT NULL,
  PRIMARY KEY (`id`),
  UNIQUE KEY `auth_user_groups_user_id_group_id_94350c0c_uniq` (`user_id`,`group_id`),
  KEY `auth_user_groups_group_id_97559544_fk_auth_group_id` (`group_id`)
) ENGINE=MyISAM DEFAULT CHARSET=latin1;

-- --------------------------------------------------------

--
-- Estructura de tabla para la tabla `auth_user_user_permissions`
--

DROP TABLE IF EXISTS `auth_user_user_permissions`;
CREATE TABLE IF NOT EXISTS `auth_user_user_permissions` (
  `id` int(11) NOT NULL AUTO_INCREMENT,
  `user_id` int(11) NOT NULL,
  `permission_id` int(11) NOT NULL,
  PRIMARY KEY (`id`),
  UNIQUE KEY `auth_user_user_permissions_user_id_permission_id_14a6b632_uniq` (`user_id`,`permission_id`),
  KEY `auth_user_user_permi_permission_id_1fbb5f2c_fk_auth_perm` (`permission_id`)
) ENGINE=MyISAM DEFAULT CHARSET=latin1;

-- --------------------------------------------------------

--
-- Estructura de tabla para la tabla `django_admin_log`
--

DROP TABLE IF EXISTS `django_admin_log`;
CREATE TABLE IF NOT EXISTS `django_admin_log` (
  `id` int(11) NOT NULL AUTO_INCREMENT,
  `action_time` datetime(6) NOT NULL,
  `object_id` longtext,
  `object_repr` varchar(200) NOT NULL,
  `action_flag` smallint(5) UNSIGNED NOT NULL,
  `change_message` longtext NOT NULL,
  `content_type_id` int(11) DEFAULT NULL,
  `user_id` int(11) NOT NULL,
  PRIMARY KEY (`id`),
  KEY `django_admin_log_content_type_id_c4bce8eb_fk_django_co` (`content_type_id`),
  KEY `django_admin_log_user_id_c564eba6_fk_auth_user_id` (`user_id`)
) ENGINE=MyISAM DEFAULT CHARSET=latin1;

-- --------------------------------------------------------

--
-- Estructura de tabla para la tabla `django_content_type`
--

DROP TABLE IF EXISTS `django_content_type`;
CREATE TABLE IF NOT EXISTS `django_content_type` (
  `id` int(11) NOT NULL AUTO_INCREMENT,
  `app_label` varchar(100) NOT NULL,
  `model` varchar(100) NOT NULL,
  PRIMARY KEY (`id`),
  UNIQUE KEY `django_content_type_app_label_model_76bd3d3b_uniq` (`app_label`,`model`)
) ENGINE=MyISAM AUTO_INCREMENT=13 DEFAULT CHARSET=latin1;

--
-- Volcado de datos para la tabla `django_content_type`
--

INSERT INTO `django_content_type` (`id`, `app_label`, `model`) VALUES
(1, 'admin', 'logentry'),
(2, 'auth', 'permission'),
(3, 'auth', 'group'),
(4, 'auth', 'user'),
(5, 'contenttypes', 'contenttype'),
(6, 'sessions', 'session'),
(7, 'oauth2_provider', 'application'),
(8, 'oauth2_provider', 'accesstoken'),
(9, 'oauth2_provider', 'grant'),
(10, 'oauth2_provider', 'refreshtoken'),
(11, 'publico', 'tipoubigeo'),
(12, 'publico', 'ubigeo');

-- --------------------------------------------------------

--
-- Estructura de tabla para la tabla `django_migrations`
--

DROP TABLE IF EXISTS `django_migrations`;
CREATE TABLE IF NOT EXISTS `django_migrations` (
  `id` int(11) NOT NULL AUTO_INCREMENT,
  `app` varchar(255) NOT NULL,
  `name` varchar(255) NOT NULL,
  `applied` datetime(6) NOT NULL,
  PRIMARY KEY (`id`)
) ENGINE=MyISAM AUTO_INCREMENT=22 DEFAULT CHARSET=latin1;

--
-- Volcado de datos para la tabla `django_migrations`
--

INSERT INTO `django_migrations` (`id`, `app`, `name`, `applied`) VALUES
(1, 'contenttypes', '0001_initial', '2019-06-26 19:05:23.532734'),
(2, 'auth', '0001_initial', '2019-06-26 19:05:24.991238'),
(3, 'admin', '0001_initial', '2019-06-26 19:05:25.303664'),
(4, 'admin', '0002_logentry_remove_auto_add', '2019-06-26 19:05:25.334890'),
(5, 'contenttypes', '0002_remove_content_type_name', '2019-06-26 19:05:25.460287'),
(6, 'auth', '0002_alter_permission_name_max_length', '2019-06-26 19:05:25.522784'),
(7, 'auth', '0003_alter_user_email_max_length', '2019-06-26 19:05:25.600896'),
(8, 'auth', '0004_alter_user_username_opts', '2019-06-26 19:05:25.633688'),
(9, 'auth', '0005_alter_user_last_login_null', '2019-06-26 19:05:25.712101'),
(10, 'auth', '0006_require_contenttypes_0002', '2019-06-26 19:05:25.712101'),
(11, 'auth', '0007_alter_validators_add_error_messages', '2019-06-26 19:05:25.758931'),
(12, 'auth', '0008_alter_user_username_max_length', '2019-06-26 19:05:25.805863'),
(13, 'auth', '0009_alter_user_last_name_max_length', '2019-06-26 19:05:25.883897'),
(14, 'oauth2_provider', '0001_initial', '2019-06-26 19:05:27.555431'),
(15, 'oauth2_provider', '0002_08_updates', '2019-06-26 19:05:27.883772'),
(16, 'oauth2_provider', '0003_auto_20160316_1503', '2019-06-26 19:05:27.961822'),
(17, 'oauth2_provider', '0004_auto_20160525_1623', '2019-06-26 19:05:28.461707'),
(18, 'oauth2_provider', '0005_auto_20170514_1141', '2019-06-26 19:05:30.477207'),
(19, 'oauth2_provider', '0006_auto_20171214_2232', '2019-06-26 19:05:30.919955'),
(20, 'publico', '0001_initial', '2019-06-26 19:05:31.388562'),
(21, 'sessions', '0001_initial', '2019-06-26 19:05:31.529161');

-- --------------------------------------------------------

--
-- Estructura de tabla para la tabla `django_session`
--

DROP TABLE IF EXISTS `django_session`;
CREATE TABLE IF NOT EXISTS `django_session` (
  `session_key` varchar(40) NOT NULL,
  `session_data` longtext NOT NULL,
  `expire_date` datetime(6) NOT NULL,
  PRIMARY KEY (`session_key`),
  KEY `django_session_expire_date_a5c62663` (`expire_date`)
) ENGINE=MyISAM DEFAULT CHARSET=latin1;

-- --------------------------------------------------------

--
-- Estructura de tabla para la tabla `oauth2_provider_accesstoken`
--

DROP TABLE IF EXISTS `oauth2_provider_accesstoken`;
CREATE TABLE IF NOT EXISTS `oauth2_provider_accesstoken` (
  `id` bigint(20) NOT NULL AUTO_INCREMENT,
  `token` varchar(255) NOT NULL,
  `expires` datetime(6) NOT NULL,
  `scope` longtext NOT NULL,
  `application_id` bigint(20) DEFAULT NULL,
  `user_id` int(11) DEFAULT NULL,
  `created` datetime(6) NOT NULL,
  `updated` datetime(6) NOT NULL,
  `source_refresh_token_id` bigint(20) DEFAULT NULL,
  PRIMARY KEY (`id`),
  UNIQUE KEY `oauth2_provider_accesstoken_token_8af090f8_uniq` (`token`),
  UNIQUE KEY `source_refresh_token_id` (`source_refresh_token_id`),
  KEY `oauth2_provider_accesstoken_application_id_b22886e1` (`application_id`),
  KEY `oauth2_provider_accesstoken_user_id_6e4c9a65` (`user_id`)
) ENGINE=MyISAM DEFAULT CHARSET=latin1;

-- --------------------------------------------------------

--
-- Estructura de tabla para la tabla `oauth2_provider_application`
--

DROP TABLE IF EXISTS `oauth2_provider_application`;
CREATE TABLE IF NOT EXISTS `oauth2_provider_application` (
  `id` bigint(20) NOT NULL AUTO_INCREMENT,
  `client_id` varchar(100) NOT NULL,
  `redirect_uris` longtext NOT NULL,
  `client_type` varchar(32) NOT NULL,
  `authorization_grant_type` varchar(32) NOT NULL,
  `client_secret` varchar(255) NOT NULL,
  `name` varchar(255) NOT NULL,
  `user_id` int(11) DEFAULT NULL,
  `skip_authorization` tinyint(1) NOT NULL,
  `created` datetime(6) NOT NULL,
  `updated` datetime(6) NOT NULL,
  PRIMARY KEY (`id`),
  UNIQUE KEY `client_id` (`client_id`),
  KEY `oauth2_provider_application_client_secret_53133678` (`client_secret`),
  KEY `oauth2_provider_application_user_id_79829054` (`user_id`)
) ENGINE=MyISAM DEFAULT CHARSET=latin1;

-- --------------------------------------------------------

--
-- Estructura de tabla para la tabla `oauth2_provider_grant`
--

DROP TABLE IF EXISTS `oauth2_provider_grant`;
CREATE TABLE IF NOT EXISTS `oauth2_provider_grant` (
  `id` bigint(20) NOT NULL AUTO_INCREMENT,
  `code` varchar(255) NOT NULL,
  `expires` datetime(6) NOT NULL,
  `redirect_uri` varchar(255) NOT NULL,
  `scope` longtext NOT NULL,
  `application_id` bigint(20) NOT NULL,
  `user_id` int(11) NOT NULL,
  `created` datetime(6) NOT NULL,
  `updated` datetime(6) NOT NULL,
  PRIMARY KEY (`id`),
  UNIQUE KEY `oauth2_provider_grant_code_49ab4ddf_uniq` (`code`),
  KEY `oauth2_provider_grant_application_id_81923564` (`application_id`),
  KEY `oauth2_provider_grant_user_id_e8f62af8` (`user_id`)
) ENGINE=MyISAM DEFAULT CHARSET=latin1;

-- --------------------------------------------------------

--
-- Estructura de tabla para la tabla `oauth2_provider_refreshtoken`
--

DROP TABLE IF EXISTS `oauth2_provider_refreshtoken`;
CREATE TABLE IF NOT EXISTS `oauth2_provider_refreshtoken` (
  `id` bigint(20) NOT NULL AUTO_INCREMENT,
  `token` varchar(255) NOT NULL,
  `access_token_id` bigint(20) DEFAULT NULL,
  `application_id` bigint(20) NOT NULL,
  `user_id` int(11) NOT NULL,
  `created` datetime(6) NOT NULL,
  `updated` datetime(6) NOT NULL,
  `revoked` datetime(6) DEFAULT NULL,
  PRIMARY KEY (`id`),
  UNIQUE KEY `access_token_id` (`access_token_id`),
  UNIQUE KEY `oauth2_provider_refreshtoken_token_revoked_af8a5134_uniq` (`token`,`revoked`),
  KEY `oauth2_provider_refreshtoken_application_id_2d1c311b` (`application_id`),
  KEY `oauth2_provider_refreshtoken_user_id_da837fce` (`user_id`)
) ENGINE=MyISAM DEFAULT CHARSET=latin1;

-- --------------------------------------------------------

--
-- Estructura de tabla para la tabla `publico_tipo_ubigeo`
--

DROP TABLE IF EXISTS `publico_tipo_ubigeo`;
CREATE TABLE IF NOT EXISTS `publico_tipo_ubigeo` (
  `id` int(11) NOT NULL AUTO_INCREMENT,
  `codigo` varchar(8) NOT NULL,
  `nombre` varchar(50) NOT NULL,
  `nombre_plural` varchar(60) NOT NULL,
  `orden` int(11) NOT NULL,
  `estado` varchar(1) NOT NULL,
  PRIMARY KEY (`id`),
  UNIQUE KEY `codigo` (`codigo`),
  UNIQUE KEY `nombre` (`nombre`)
) ENGINE=MyISAM AUTO_INCREMENT=4 DEFAULT CHARSET=latin1;

--
-- Volcado de datos para la tabla `publico_tipo_ubigeo`
--

INSERT INTO `publico_tipo_ubigeo` (`id`, `codigo`, `nombre`, `nombre_plural`, `orden`, `estado`) VALUES
(1, 'DEPA', 'Departamento', 'Departamentos', 1, '1'),
(2, 'PROV', 'Provincia', 'Provincias', 2, '1'),
(3, 'DIST', 'Distrito', 'Distritos', 3, '1');

-- --------------------------------------------------------

--
-- Estructura de tabla para la tabla `publico_ubigeo`
--

DROP TABLE IF EXISTS `publico_ubigeo`;
CREATE TABLE IF NOT EXISTS `publico_ubigeo` (
  `id` int(11) NOT NULL AUTO_INCREMENT,
  `codigo` varchar(20) DEFAULT NULL,
  `nombre` varchar(70) NOT NULL,
  `codigo_telefono` varchar(20) DEFAULT NULL,
  `capital` varchar(80) DEFAULT NULL,
  `padre_id` int(11) DEFAULT NULL,
  `tipo_ubigeo_id` int(11) NOT NULL,
  PRIMARY KEY (`id`),
  UNIQUE KEY `publico_ubigeo_nombre_tipo_ubigeo_id_padre_id_23c339ec_uniq` (`nombre`,`tipo_ubigeo_id`,`padre_id`),
  KEY `publico_ubigeo_padre_id_da7e6761` (`padre_id`),
  KEY `publico_ubigeo_tipo_ubigeo_id_5f2568a7` (`tipo_ubigeo_id`)
) ENGINE=MyISAM AUTO_INCREMENT=2056 DEFAULT CHARSET=latin1;

--
-- Volcado de datos para la tabla `publico_ubigeo`
--

INSERT INTO `publico_ubigeo` (`id`, `codigo`, `nombre`, `codigo_telefono`, `capital`, `padre_id`, `tipo_ubigeo_id`) VALUES
(1, '01', 'Amazonas', '041', 'Chachapoyas', NULL, 1),
(2, '02', 'Áncash', '043', 'Huaraz', NULL, 1),
(3, '03', 'Apurímac', '083', 'Abancay', NULL, 1),
(4, '04', 'Arequipa', '054', 'Arequipa', NULL, 1),
(5, '05', 'Ayacucho', '066', 'Ayacucho', NULL, 1),
(6, '06', 'Cajamarca', '076', 'Cajamarca', NULL, 1),
(7, '07', 'Callao', '001', 'Callao', NULL, 1),
(8, '08', 'Cusco', '084', 'Cusco', NULL, 1),
(9, '09', 'Huancavelica', '067', 'Huancavelica', NULL, 1),
(10, '10', 'Huánuco', '062', 'Huánuco', NULL, 1),
(11, '11', 'Ica', '056', 'Ica', NULL, 1),
(12, '12', 'Junín', '064', 'Huancayo', NULL, 1),
(13, '13', 'La Libertad', '044', 'Trujillo', NULL, 1),
(14, '14', 'Lambayeque', '074', 'Chiclayo', NULL, 1),
(15, '15', 'Lima', '01', 'Lima', NULL, 1),
(16, '16', 'Loreto', '065', 'Iquitos', NULL, 1),
(17, '17', 'Madre De Dios', '082', 'Puerto Maldonado', NULL, 1),
(18, '18', 'Moquegua', '053', 'Moquegua', NULL, 1),
(19, '19', 'Pasco', '063', 'Cerro de Pasco', NULL, 1),
(20, '20', 'Piura', '073', 'Piura', NULL, 1),
(21, '21', 'Puno', '051', 'Puno', NULL, 1),
(22, '22', 'San Martín', '042', 'Moyobamba', NULL, 1),
(23, '23', 'Tacna', '052', 'Tacna', NULL, 1),
(24, '24', 'Tumbes', '072', 'Tumbes', NULL, 1),
(25, '25', 'Ucayali', '061', 'Pucallpa', NULL, 1),
(26, '0101', 'Chachapoyas', NULL, NULL, 1, 2),
(27, '0102', 'Bagua', NULL, NULL, 1, 2),
(28, '0103', 'Bongara', NULL, NULL, 1, 2),
(29, '0104', 'Condorcanqui', NULL, NULL, 1, 2),
(30, '0105', 'Luya', NULL, NULL, 1, 2),
(31, '0106', 'Rodriguez De Mendoza', NULL, NULL, 1, 2),
(32, '0107', 'Utcubamba', NULL, NULL, 1, 2),
(33, '0201', 'Huaraz', NULL, NULL, 2, 2),
(34, '0202', 'Aija', NULL, NULL, 2, 2),
(35, '0203', 'Antonio Raymondi', NULL, NULL, 2, 2),
(36, '0204', 'Asuncion', NULL, NULL, 2, 2),
(37, '0205', 'Bolognesi', NULL, NULL, 2, 2),
(38, '0206', 'Carhuaz', NULL, NULL, 2, 2),
(39, '0207', 'Carlos Fermin Fitzca', NULL, NULL, 2, 2),
(40, '0208', 'Casma', NULL, NULL, 2, 2),
(41, '0209', 'Corongo', NULL, NULL, 2, 2),
(42, '0210', 'Huari', NULL, NULL, 2, 2),
(43, '0211', 'Huarmey', NULL, NULL, 2, 2),
(44, '0212', 'Huaylas', NULL, NULL, 2, 2),
(45, '0213', 'Mariscal Luzuriaga', NULL, NULL, 2, 2),
(46, '0214', 'Ocros', NULL, NULL, 2, 2),
(47, '0215', 'Pallasca', NULL, NULL, 2, 2),
(48, '0216', 'Pomabamba', NULL, NULL, 2, 2),
(49, '0217', 'Recuay', NULL, NULL, 2, 2),
(50, '0218', 'Santa', NULL, NULL, 2, 2),
(51, '0219', 'Sihuas', NULL, NULL, 2, 2),
(52, '0220', 'Yungay', NULL, NULL, 2, 2),
(53, '0301', 'Abancay', NULL, NULL, 3, 2),
(54, '0302', 'Andahuaylas', NULL, NULL, 3, 2),
(55, '0303', 'Antabamba', NULL, NULL, 3, 2),
(56, '0304', 'Aymaraes', NULL, NULL, 3, 2),
(57, '0305', 'Cotabambas', NULL, NULL, 3, 2),
(58, '0306', 'Chincheros', NULL, NULL, 3, 2),
(59, '0307', 'Grau', NULL, NULL, 3, 2),
(60, '0401', 'Arequipa', NULL, NULL, 4, 2),
(61, '0402', 'Camana', NULL, NULL, 4, 2),
(62, '0403', 'Caraveli', NULL, NULL, 4, 2),
(63, '0404', 'Castilla', NULL, NULL, 4, 2),
(64, '0405', 'Caylloma', NULL, NULL, 4, 2),
(65, '0406', 'Condesuyos', NULL, NULL, 4, 2),
(66, '0407', 'Islay', NULL, NULL, 4, 2),
(67, '0408', 'La Union', NULL, NULL, 4, 2),
(68, '0501', 'Huamanga', NULL, NULL, 5, 2),
(69, '0502', 'Cangallo', NULL, NULL, 5, 2),
(70, '0503', 'Huanca Sancos', NULL, NULL, 5, 2),
(71, '0504', 'Huanta', NULL, NULL, 5, 2),
(72, '0505', 'La Mar', NULL, NULL, 5, 2),
(73, '0506', 'Lucanas', NULL, NULL, 5, 2),
(74, '0507', 'Parinacochas', NULL, NULL, 5, 2),
(75, '0508', 'Paucar Del Sara Sara', NULL, NULL, 5, 2),
(76, '0509', 'Sucre', NULL, NULL, 5, 2),
(77, '0510', 'Victor Fajardo', NULL, NULL, 5, 2),
(78, '0511', 'Vilcas Huaman', NULL, NULL, 5, 2),
(79, '0601', 'Cajamarca', NULL, NULL, 6, 2),
(80, '0602', 'Cajabamba', NULL, NULL, 6, 2),
(81, '0603', 'Celendin', NULL, NULL, 6, 2),
(82, '0604', 'Chota', NULL, NULL, 6, 2),
(83, '0605', 'Contumaza', NULL, NULL, 6, 2),
(84, '0606', 'Cutervo', NULL, NULL, 6, 2),
(85, '0607', 'Hualgayoc', NULL, NULL, 6, 2),
(86, '0608', 'Jaen', NULL, NULL, 6, 2),
(87, '0609', 'San Ignacio', NULL, NULL, 6, 2),
(88, '0610', 'San Marcos', NULL, NULL, 6, 2),
(89, '0611', 'San Miguel', NULL, NULL, 6, 2),
(90, '0612', 'San Pablo', NULL, NULL, 6, 2),
(91, '0613', 'Santa Cruz', NULL, NULL, 6, 2),
(92, '0701', 'Callao', NULL, NULL, 7, 2),
(93, '0801', 'Cusco', NULL, NULL, 8, 2),
(94, '0802', 'Acomayo', NULL, NULL, 8, 2),
(95, '0803', 'Anta', NULL, NULL, 8, 2),
(96, '0804', 'Calca', NULL, NULL, 8, 2),
(97, '0805', 'Canas', NULL, NULL, 8, 2),
(98, '0806', 'Canchis', NULL, NULL, 8, 2),
(99, '0807', 'Chumbivilcas', NULL, NULL, 8, 2),
(100, '0808', 'Espinar', NULL, NULL, 8, 2),
(101, '0809', 'La Convencion', NULL, NULL, 8, 2),
(102, '0810', 'Paruro', NULL, NULL, 8, 2),
(103, '0811', 'Paucartambo', NULL, NULL, 8, 2),
(104, '0812', 'Quispicanchi', NULL, NULL, 8, 2),
(105, '0813', 'Urubamba', NULL, NULL, 8, 2),
(106, '0901', 'Huancavelica', NULL, NULL, 9, 2),
(107, '0902', 'Acobamba', NULL, NULL, 9, 2),
(108, '0903', 'Angaraes', NULL, NULL, 9, 2),
(109, '0904', 'Castrovirreyna', NULL, NULL, 9, 2),
(110, '0905', 'Churcampa', NULL, NULL, 9, 2),
(111, '0906', 'Huaytara', NULL, NULL, 9, 2),
(112, '0907', 'Tayacaja', NULL, NULL, 9, 2),
(113, '1001', 'Huanuco', NULL, NULL, 10, 2),
(114, '1002', 'Ambo', NULL, NULL, 10, 2),
(115, '1003', 'Dos De Mayo', NULL, NULL, 10, 2),
(116, '1004', 'Huacaybamba', NULL, NULL, 10, 2),
(117, '1005', 'Huamalies', NULL, NULL, 10, 2),
(118, '1006', 'Leoncio Prado', NULL, NULL, 10, 2),
(119, '1007', 'Marañon', NULL, NULL, 10, 2),
(120, '1008', 'Pachitea', NULL, NULL, 10, 2),
(121, '1009', 'Puerto Inca', NULL, NULL, 10, 2),
(122, '1010', 'Lauricocha', NULL, NULL, 10, 2),
(123, '1011', 'Yarowilca', NULL, NULL, 10, 2),
(124, '1101', 'Ica', NULL, NULL, 11, 2),
(125, '1102', 'Chincha', NULL, NULL, 11, 2),
(126, '1103', 'Nazca', NULL, NULL, 11, 2),
(127, '1104', 'Palpa', NULL, NULL, 11, 2),
(128, '1105', 'Pisco', NULL, NULL, 11, 2),
(129, '1201', 'Huancayo', NULL, NULL, 12, 2),
(130, '1202', 'Concepcion', NULL, NULL, 12, 2),
(131, '1203', 'Chanchamayo', NULL, NULL, 12, 2),
(132, '1204', 'Jauja', NULL, NULL, 12, 2),
(133, '1205', 'Junin', NULL, NULL, 12, 2),
(134, '1206', 'Satipo', NULL, NULL, 12, 2),
(135, '1207', 'Tarma', NULL, NULL, 12, 2),
(136, '1208', 'Yauli', NULL, NULL, 12, 2),
(137, '1209', 'Chupaca', NULL, NULL, 12, 2),
(138, '1301', 'Trujillo', NULL, NULL, 13, 2),
(139, '1302', 'Ascope', NULL, NULL, 13, 2),
(140, '1303', 'Bolivar', NULL, NULL, 13, 2),
(141, '1304', 'Chepen', NULL, NULL, 13, 2),
(142, '1305', 'Julcan', NULL, NULL, 13, 2),
(143, '1306', 'Otuzco', NULL, NULL, 13, 2),
(144, '1307', 'Pacasmayo', NULL, NULL, 13, 2),
(145, '1308', 'Pataz', NULL, NULL, 13, 2),
(146, '1309', 'Sanchez Carrion', NULL, NULL, 13, 2),
(147, '1310', 'Santiago De Chuco', NULL, NULL, 13, 2),
(148, '1311', 'Gran Chimu', NULL, NULL, 13, 2),
(149, '1312', 'Viru', NULL, NULL, 13, 2),
(150, '1401', 'Chiclayo', NULL, NULL, 14, 2),
(151, '1402', 'Ferreñafe', NULL, NULL, 14, 2),
(152, '1403', 'Lambayeque', NULL, NULL, 14, 2),
(153, '1501', 'Lima', NULL, NULL, 15, 2),
(154, '1502', 'Barranca', NULL, NULL, 15, 2),
(155, '1503', 'Cajatambo', NULL, NULL, 15, 2),
(156, '1504', 'Canta', NULL, NULL, 15, 2),
(157, '1505', 'Cañete', NULL, NULL, 15, 2),
(158, '1506', 'Huaral', NULL, NULL, 15, 2),
(159, '1507', 'Huarochiri', NULL, NULL, 15, 2),
(160, '1508', 'Huaura', NULL, NULL, 15, 2),
(161, '1509', 'Oyon', NULL, NULL, 15, 2),
(162, '1510', 'Yauyos', NULL, NULL, 15, 2),
(163, '1601', 'Maynas', NULL, NULL, 16, 2),
(164, '1602', 'Alto Amazonas', NULL, NULL, 16, 2),
(165, '1603', 'Loreto', NULL, NULL, 16, 2),
(166, '1604', 'Mariscal Ramon Castilla', NULL, NULL, 16, 2),
(167, '1605', 'Requena', NULL, NULL, 16, 2),
(168, '1606', 'Ucayali', NULL, NULL, 16, 2),
(169, '1607', 'Datem Del Marañon', NULL, NULL, 16, 2),
(170, '1701', 'Tambopata', NULL, NULL, 17, 2),
(171, '1702', 'Manu', NULL, NULL, 17, 2),
(172, '1703', 'Tahuamanu', NULL, NULL, 17, 2),
(173, '1801', 'Mariscal Nieto', NULL, NULL, 18, 2),
(174, '1802', 'General Sanchez Cerro', NULL, NULL, 18, 2),
(175, '1803', 'Ilo', NULL, NULL, 18, 2),
(176, '1901', 'Pasco', NULL, NULL, 19, 2),
(177, '1902', 'Daniel Alcides Carrion', NULL, NULL, 19, 2),
(178, '1903', 'Oxapampa', NULL, NULL, 19, 2),
(179, '2001', 'Piura', NULL, NULL, 20, 2),
(180, '2002', 'Ayabaca', NULL, NULL, 20, 2),
(181, '2003', 'Huancabamba', NULL, NULL, 20, 2),
(182, '2004', 'Morropon', NULL, NULL, 20, 2),
(183, '2005', 'Paita', NULL, NULL, 20, 2),
(184, '2006', 'Sullana', NULL, NULL, 20, 2),
(185, '2007', 'Talara', NULL, NULL, 20, 2),
(186, '2008', 'Sechura', NULL, NULL, 20, 2),
(187, '2101', 'Puno', NULL, NULL, 21, 2),
(188, '2102', 'Azangaro', NULL, NULL, 21, 2),
(189, '2103', 'Carabaya', NULL, NULL, 21, 2),
(190, '2104', 'Chucuito', NULL, NULL, 21, 2),
(191, '2105', 'El Collao', NULL, NULL, 21, 2),
(192, '2106', 'Huancane', NULL, NULL, 21, 2),
(193, '2107', 'Lampa', NULL, NULL, 21, 2),
(194, '2108', 'Melgar', NULL, NULL, 21, 2),
(195, '2109', 'Moho', NULL, NULL, 21, 2),
(196, '2110', 'San Antonio De Putin', NULL, NULL, 21, 2),
(197, '2111', 'San Roman', NULL, NULL, 21, 2),
(198, '2112', 'Sandia', NULL, NULL, 21, 2),
(199, '2113', 'Yunguyo', NULL, NULL, 21, 2),
(200, '2201', 'Moyobamba', NULL, NULL, 22, 2),
(201, '2202', 'Bellavista', NULL, NULL, 22, 2),
(202, '2203', 'El Dorado', NULL, NULL, 22, 2),
(203, '2204', 'Huallaga', NULL, NULL, 22, 2),
(204, '2205', 'Lamas', NULL, NULL, 22, 2),
(205, '2206', 'Mariscal Caceres', NULL, NULL, 22, 2),
(206, '2207', 'Picota', NULL, NULL, 22, 2),
(207, '2208', 'Rioja', NULL, NULL, 22, 2),
(208, '2209', 'San Martin', NULL, NULL, 22, 2),
(209, '2210', 'Tocache', NULL, NULL, 22, 2),
(210, '2301', 'Tacna', NULL, NULL, 23, 2),
(211, '2302', 'Candarave', NULL, NULL, 23, 2),
(212, '2303', 'Jorge Basadre', NULL, NULL, 23, 2),
(213, '2304', 'Tarata', NULL, NULL, 23, 2),
(214, '2401', 'Tumbes', NULL, NULL, 24, 2),
(215, '2402', 'Contralmirante Villa', NULL, NULL, 24, 2),
(216, '2403', 'Zarumilla', NULL, NULL, 24, 2),
(217, '2501', 'Coronel Portillo', NULL, NULL, 25, 2),
(218, '2502', 'Atalaya', NULL, NULL, 25, 2),
(219, '2503', 'Padre Abad', NULL, NULL, 25, 2),
(220, '2504', 'Purus', NULL, NULL, 25, 2),
(221, '010101', 'Chachapoyas', NULL, NULL, 26, 3),
(222, '010102', 'Asuncion', NULL, NULL, 26, 3),
(223, '010103', 'Balsas', NULL, NULL, 26, 3),
(224, '010104', 'Cheto', NULL, NULL, 26, 3),
(225, '010105', 'Chiliquin', NULL, NULL, 26, 3),
(226, '010106', 'Chuquibamba', NULL, NULL, 26, 3),
(227, '010107', 'Granada', NULL, NULL, 26, 3),
(228, '010108', 'Huancas', NULL, NULL, 26, 3),
(229, '010109', 'La Jalca', NULL, NULL, 26, 3),
(230, '010110', 'Leimebamba', NULL, NULL, 26, 3),
(231, '010111', 'Levanto', NULL, NULL, 26, 3),
(232, '010112', 'Magdalena', NULL, NULL, 26, 3),
(233, '010113', 'Mariscal Castilla', NULL, NULL, 26, 3),
(234, '010114', 'Molinopampa', NULL, NULL, 26, 3),
(235, '010115', 'Montevideo', NULL, NULL, 26, 3),
(236, '010116', 'Olleros', NULL, NULL, 26, 3),
(237, '010117', 'Quinjalca', NULL, NULL, 26, 3),
(238, '010118', 'San Francisco De Daguas', NULL, NULL, 26, 3),
(239, '010119', 'San Isidro De Maino', NULL, NULL, 26, 3),
(240, '010120', 'Soloco', NULL, NULL, 26, 3),
(241, '010121', 'Sonche', NULL, NULL, 26, 3),
(242, '010201', 'Bagua', NULL, NULL, 27, 3),
(243, '010202', 'Aramango', NULL, NULL, 27, 3),
(244, '010203', 'Copallin', NULL, NULL, 27, 3),
(245, '010204', 'El Parco', NULL, NULL, 27, 3),
(246, '010205', 'Imaza', NULL, NULL, 27, 3),
(247, '010206', 'La Peca', NULL, NULL, 27, 3),
(248, '010301', 'Jumbilla', NULL, NULL, 28, 3),
(249, '010302', 'Chisquilla', NULL, NULL, 28, 3),
(250, '010303', 'Churuja', NULL, NULL, 28, 3),
(251, '010304', 'Corosha', NULL, NULL, 28, 3),
(252, '010305', 'Cuispes', NULL, NULL, 28, 3),
(253, '010306', 'Florida', NULL, NULL, 28, 3),
(254, '010307', 'Jazan', NULL, NULL, 28, 3),
(255, '010308', 'Recta', NULL, NULL, 28, 3),
(256, '010309', 'San Carlos', NULL, NULL, 28, 3),
(257, '010310', 'Shipasbamba', NULL, NULL, 28, 3),
(258, '010311', 'Valera', NULL, NULL, 28, 3),
(259, '010312', 'Yambrasbamba', NULL, NULL, 28, 3),
(260, '010401', 'Nieva', NULL, NULL, 29, 3),
(261, '010402', 'El Cenepa', NULL, NULL, 29, 3),
(262, '010403', 'Rio Santiago', NULL, NULL, 29, 3),
(263, '010501', 'Lamud', NULL, NULL, 30, 3),
(264, '010502', 'Camporredondo', NULL, NULL, 30, 3),
(265, '010503', 'Cocabamba', NULL, NULL, 30, 3),
(266, '010504', 'Colcamar', NULL, NULL, 30, 3),
(267, '010505', 'Conila', NULL, NULL, 30, 3),
(268, '010506', 'Inguilpata', NULL, NULL, 30, 3),
(269, '010507', 'Longuita', NULL, NULL, 30, 3),
(270, '010508', 'Lonya Chico', NULL, NULL, 30, 3),
(271, '010509', 'Luya', NULL, NULL, 30, 3),
(272, '010510', 'Luya Viejo', NULL, NULL, 30, 3),
(273, '010511', 'Maria', NULL, NULL, 30, 3),
(274, '010512', 'Ocalli', NULL, NULL, 30, 3),
(275, '010513', 'Ocumal', NULL, NULL, 30, 3),
(276, '010514', 'Pisuquia', NULL, NULL, 30, 3),
(277, '010515', 'Providencia', NULL, NULL, 30, 3),
(278, '010516', 'San Cristobal', NULL, NULL, 30, 3),
(279, '010517', 'San Francisco Del Yeso', NULL, NULL, 30, 3),
(280, '010518', 'San Jeronimo', NULL, NULL, 30, 3),
(281, '010519', 'San Juan De Lopecancha', NULL, NULL, 30, 3),
(282, '010520', 'Santa Catalina', NULL, NULL, 30, 3),
(283, '010521', 'Santo Tomas', NULL, NULL, 30, 3),
(284, '010522', 'Tingo', NULL, NULL, 30, 3),
(285, '010523', 'Trita', NULL, NULL, 30, 3),
(286, '010601', 'San Nicolas', NULL, NULL, 31, 3),
(287, '010602', 'Chirimoto', NULL, NULL, 31, 3),
(288, '010603', 'Cochamal', NULL, NULL, 31, 3),
(289, '010604', 'Huambo', NULL, NULL, 31, 3),
(290, '010605', 'Limabamba', NULL, NULL, 31, 3),
(291, '010606', 'Longar', NULL, NULL, 31, 3),
(292, '010607', 'Mariscal Benavides', NULL, NULL, 31, 3),
(293, '010608', 'Milpuc', NULL, NULL, 31, 3),
(294, '010609', 'Omia', NULL, NULL, 31, 3),
(295, '010610', 'Santa Rosa', NULL, NULL, 31, 3),
(296, '010611', 'Totora', NULL, NULL, 31, 3),
(297, '010612', 'Vista Alegre', NULL, NULL, 31, 3),
(298, '010701', 'Bagua Grande', NULL, NULL, 32, 3),
(299, '010702', 'Cajaruro', NULL, '', 32, 3),
(300, '010703', 'Cumba', NULL, NULL, 32, 3),
(301, '010704', 'El Milagro', NULL, NULL, 32, 3),
(302, '010705', 'Jamalca', NULL, NULL, 32, 3),
(303, '010706', 'Lonya Grande', NULL, NULL, 32, 3),
(304, '010707', 'Yamon', NULL, NULL, 32, 3),
(305, '020101', 'Huaraz', NULL, NULL, 33, 3),
(306, '020102', 'Cochabamba', NULL, NULL, 33, 3),
(307, '020103', 'Colcabamba', NULL, NULL, 33, 3),
(308, '020104', 'Huanchay', NULL, NULL, 33, 3),
(309, '020105', 'Independencia', NULL, NULL, 33, 3),
(310, '020106', 'Jangas', NULL, NULL, 33, 3),
(311, '020107', 'La Libertad', NULL, NULL, 33, 3),
(312, '020108', 'Olleros', NULL, NULL, 33, 3),
(313, '020109', 'Pampas', NULL, NULL, 33, 3),
(314, '020110', 'Pariacoto', NULL, NULL, 33, 3),
(315, '020111', 'Pira', NULL, NULL, 33, 3),
(316, '020112', 'Tarica', NULL, NULL, 33, 3),
(317, '020201', 'Aija', NULL, NULL, 34, 3),
(318, '020202', 'Coris', NULL, NULL, 34, 3),
(319, '020203', 'Huacllan', NULL, NULL, 34, 3),
(320, '020204', 'La Merced', NULL, NULL, 34, 3),
(321, '020205', 'Succha', NULL, NULL, 34, 3),
(322, '020301', 'Llamellin', NULL, NULL, 35, 3),
(323, '020302', 'Aczo', NULL, NULL, 35, 3),
(324, '020303', 'Chaccho', NULL, NULL, 35, 3),
(325, '020304', 'Chingas', NULL, NULL, 35, 3),
(326, '020305', 'Mirgas', NULL, NULL, 35, 3),
(327, '020306', 'San Juan De Rontoy', NULL, NULL, 35, 3),
(328, '020401', 'Chacas', NULL, NULL, 36, 3),
(329, '020402', 'Acochaca', NULL, NULL, 36, 3),
(330, '020501', 'Chiquian', NULL, NULL, 37, 3),
(331, '020502', 'Abelardo Pardo Lezameta', NULL, NULL, 37, 3),
(332, '020503', 'Antonio Raymondi', NULL, NULL, 37, 3),
(333, '020504', 'Aquia', NULL, NULL, 37, 3),
(334, '020505', 'Cajacay', NULL, NULL, 37, 3),
(335, '020506', 'Canis', NULL, NULL, 37, 3),
(336, '020507', 'Colquioc', NULL, NULL, 37, 3),
(337, '020508', 'Huallanca', NULL, NULL, 37, 3),
(338, '020509', 'Huasta', NULL, NULL, 37, 3),
(339, '020510', 'Huayllacayan', NULL, NULL, 37, 3),
(340, '020511', 'La Primavera', NULL, NULL, 37, 3),
(341, '020512', 'Mangas', NULL, NULL, 37, 3),
(342, '020513', 'Pacllon', NULL, NULL, 37, 3),
(343, '020514', 'San Miguel De Corpanqui', NULL, NULL, 37, 3),
(344, '020515', 'Ticllos', NULL, NULL, 37, 3),
(345, '020601', 'Carhuaz', NULL, NULL, 38, 3),
(346, '020602', 'Acopampa', NULL, NULL, 38, 3),
(347, '020603', 'Amashca', NULL, NULL, 38, 3),
(348, '020604', 'Anta', NULL, NULL, 38, 3),
(349, '020605', 'Ataquero', NULL, NULL, 38, 3),
(350, '020606', 'Marcara', NULL, NULL, 38, 3),
(351, '020607', 'Pariahuanca', NULL, NULL, 38, 3),
(352, '020608', 'San Miguel De Aco', NULL, NULL, 38, 3),
(353, '020609', 'Shilla', NULL, NULL, 38, 3),
(354, '020610', 'Tinco', NULL, NULL, 38, 3),
(355, '020611', 'Yungar', NULL, NULL, 38, 3),
(356, '020701', 'San Luis', NULL, NULL, 39, 3),
(357, '020702', 'San Nicolas', NULL, NULL, 39, 3),
(358, '020703', 'Yauya', NULL, NULL, 39, 3),
(359, '020801', 'Casma', NULL, NULL, 40, 3),
(360, '020802', 'Buena Vista Alta', NULL, NULL, 40, 3),
(361, '020803', 'Comandante Noel', NULL, NULL, 40, 3),
(362, '020804', 'Yautan', NULL, NULL, 40, 3),
(363, '020901', 'Corongo', NULL, NULL, 41, 3),
(364, '020902', 'Aco', NULL, NULL, 41, 3),
(365, '020903', 'Bambas', NULL, NULL, 41, 3),
(366, '020904', 'Cusca', NULL, NULL, 41, 3),
(367, '020905', 'La Pampa', NULL, NULL, 41, 3),
(368, '020906', 'Yanac', NULL, NULL, 41, 3),
(369, '020907', 'Yupan', NULL, NULL, 41, 3),
(370, '021001', 'Huari', NULL, NULL, 42, 3),
(371, '021002', 'Anra', NULL, NULL, 42, 3),
(372, '021003', 'Cajay', NULL, NULL, 42, 3),
(373, '021004', 'Chavin De Huantar', NULL, NULL, 42, 3),
(374, '021005', 'Huacachi', NULL, NULL, 42, 3),
(375, '021006', 'Huacchis', NULL, NULL, 42, 3),
(376, '021007', 'Huachis', NULL, NULL, 42, 3),
(377, '021008', 'Huantar', NULL, NULL, 42, 3),
(378, '021009', 'Masin', NULL, NULL, 42, 3),
(379, '021010', 'Paucas', NULL, NULL, 42, 3),
(380, '021011', 'Ponto', NULL, NULL, 42, 3),
(381, '021012', 'Rahuapampa', NULL, NULL, 42, 3),
(382, '021013', 'Rapayan', NULL, NULL, 42, 3),
(383, '021014', 'San Marcos', NULL, NULL, 42, 3),
(384, '021015', 'San Pedro De Chana', NULL, NULL, 42, 3),
(385, '021016', 'Uco', NULL, NULL, 42, 3),
(386, '021101', 'Huarmey', NULL, NULL, 43, 3),
(387, '021102', 'Cochapeti', NULL, NULL, 43, 3),
(388, '021103', 'Culebras', NULL, NULL, 43, 3),
(389, '021104', 'Huayan', NULL, NULL, 43, 3),
(390, '021105', 'Malvas', NULL, NULL, 43, 3),
(391, '021201', 'Caraz', NULL, NULL, 44, 3),
(392, '021202', 'Huallanca', NULL, NULL, 44, 3),
(393, '021203', 'Huata', NULL, NULL, 44, 3),
(394, '021204', 'Huaylas', NULL, NULL, 44, 3),
(395, '021205', 'Mato', NULL, NULL, 44, 3),
(396, '021206', 'Pamparomas', NULL, NULL, 44, 3),
(397, '021207', 'Pueblo Libre', NULL, NULL, 44, 3),
(398, '021208', 'Santa Cruz', NULL, NULL, 44, 3),
(399, '021209', 'Santo Toribio', NULL, NULL, 44, 3),
(400, '021210', 'Yuracmarca', NULL, NULL, 44, 3),
(401, '021301', 'Piscobamba', NULL, NULL, 45, 3),
(402, '021302', 'Casca', NULL, NULL, 45, 3),
(403, '021303', 'Eleazar Guzman Barron', NULL, NULL, 45, 3),
(404, '021304', 'Fidel Olivas Escudero', NULL, NULL, 45, 3),
(405, '021305', 'Llama', NULL, NULL, 45, 3),
(406, '021306', 'Llumpa', NULL, NULL, 45, 3),
(407, '021307', 'Lucma', NULL, NULL, 45, 3),
(408, '021308', 'Musga', NULL, NULL, 45, 3),
(409, '021401', 'Ocros', NULL, NULL, 46, 3),
(410, '021402', 'Acas', NULL, NULL, 46, 3),
(411, '021403', 'Cajamarquilla', NULL, NULL, 46, 3),
(412, '021404', 'Carhuapampa', NULL, NULL, 46, 3),
(413, '021405', 'Cochas', NULL, NULL, 46, 3),
(414, '021406', 'Congas', NULL, NULL, 46, 3),
(415, '021407', 'Llipa', NULL, NULL, 46, 3),
(416, '021408', 'San Cristobal De Rajan', NULL, NULL, 46, 3),
(417, '021409', 'San Pedro', NULL, NULL, 46, 3),
(418, '021410', 'Santiago De Chilcas', NULL, NULL, 46, 3),
(419, '021501', 'Cabana', NULL, NULL, 47, 3),
(420, '021502', 'Bolognesi', NULL, NULL, 47, 3),
(421, '021503', 'Conchucos', NULL, NULL, 47, 3),
(422, '021504', 'Huacaschuque', NULL, NULL, 47, 3),
(423, '021505', 'Huandoval', NULL, NULL, 47, 3),
(424, '021506', 'Lacabamba', NULL, NULL, 47, 3),
(425, '021507', 'Llapo', NULL, NULL, 47, 3),
(426, '021508', 'Pallasca', NULL, NULL, 47, 3),
(427, '021509', 'Pampas', NULL, NULL, 47, 3),
(428, '021510', 'Santa Rosa', NULL, NULL, 47, 3),
(429, '021511', 'Tauca', NULL, NULL, 47, 3),
(430, '021601', 'Pomabamba', NULL, NULL, 48, 3),
(431, '021602', 'Huayllan', NULL, NULL, 48, 3),
(432, '021603', 'Parobamba', NULL, NULL, 48, 3),
(433, '021604', 'Quinuabamba', NULL, NULL, 48, 3),
(434, '021701', 'Recuay', NULL, NULL, 49, 3),
(435, '021702', 'Catac', NULL, NULL, 49, 3),
(436, '021703', 'Cotaparaco', NULL, NULL, 49, 3),
(437, '021704', 'Huayllapampa', NULL, NULL, 49, 3),
(438, '021705', 'Llacllin', NULL, NULL, 49, 3),
(439, '021706', 'Marca', NULL, NULL, 49, 3),
(440, '021707', 'Pampas Chico', NULL, NULL, 49, 3),
(441, '021708', 'Pararin', NULL, NULL, 49, 3),
(442, '021709', 'Tapacocha', NULL, NULL, 49, 3),
(443, '021710', 'Ticapampa', NULL, NULL, 49, 3),
(444, '021801', 'Chimbote', NULL, NULL, 50, 3),
(445, '021802', 'Caceres Del Peru', NULL, NULL, 50, 3),
(446, '021803', 'Coishco', NULL, NULL, 50, 3),
(447, '021804', 'Macate', NULL, NULL, 50, 3),
(448, '021805', 'Moro', NULL, NULL, 50, 3),
(449, '021806', 'Nepeña', NULL, NULL, 50, 3),
(450, '021807', 'Samanco', NULL, NULL, 50, 3),
(451, '021808', 'Santa', NULL, NULL, 50, 3),
(452, '021809', 'Nuevo Chimbote', NULL, NULL, 50, 3),
(453, '021901', 'Sihuas', NULL, NULL, 51, 3),
(454, '021902', 'Acobamba', NULL, NULL, 51, 3),
(455, '021903', 'Alfonso Ugarte', NULL, NULL, 51, 3),
(456, '021904', 'Cashapampa', NULL, NULL, 51, 3),
(457, '021905', 'Chingalpo', NULL, NULL, 51, 3),
(458, '021906', 'Huayllabamba', NULL, NULL, 51, 3),
(459, '021907', 'Quiches', NULL, NULL, 51, 3),
(460, '021908', 'Ragash', NULL, NULL, 51, 3),
(461, '021909', 'San Juan', NULL, NULL, 51, 3),
(462, '021910', 'Sicsibamba', NULL, NULL, 51, 3),
(463, '022001', 'Yungay', NULL, NULL, 52, 3),
(464, '022002', 'Cascapara', NULL, NULL, 52, 3),
(465, '022003', 'Mancos', NULL, NULL, 52, 3),
(466, '022004', 'Matacoto', NULL, NULL, 52, 3),
(467, '022005', 'Quillo', NULL, NULL, 52, 3),
(468, '022006', 'Ranrahirca', NULL, NULL, 52, 3),
(469, '022007', 'Shupluy', NULL, NULL, 52, 3),
(470, '022008', 'Yanama', NULL, NULL, 52, 3),
(471, '030101', 'Abancay', NULL, NULL, 53, 3),
(472, '030102', 'Chacoche', NULL, NULL, 53, 3),
(473, '030103', 'Circa', NULL, NULL, 53, 3),
(474, '030104', 'Curahuasi', NULL, NULL, 53, 3),
(475, '030105', 'Huanipaca', NULL, NULL, 53, 3),
(476, '030106', 'Lambrama', NULL, NULL, 53, 3),
(477, '030107', 'Pichirhua', NULL, NULL, 53, 3),
(478, '030108', 'San Pedro De Cachora', NULL, NULL, 53, 3),
(479, '030109', 'Tamburco', NULL, NULL, 53, 3),
(480, '030201', 'Andahuaylas', NULL, NULL, 54, 3),
(481, '030202', 'Andarapa', NULL, NULL, 54, 3),
(482, '030203', 'Chiara', NULL, NULL, 54, 3),
(483, '030204', 'Huancarama', NULL, NULL, 54, 3),
(484, '030205', 'Huancaray', NULL, NULL, 54, 3),
(485, '030206', 'Huayana', NULL, NULL, 54, 3),
(486, '030207', 'Kishuara', NULL, NULL, 54, 3),
(487, '030208', 'Pacobamba', NULL, NULL, 54, 3),
(488, '030209', 'Pacucha', NULL, NULL, 54, 3),
(489, '030210', 'Pampachiri', NULL, NULL, 54, 3),
(490, '030211', 'Pomacocha', NULL, NULL, 54, 3),
(491, '030212', 'San Antonio De Cachi', NULL, NULL, 54, 3),
(492, '030213', 'San Jeronimo', NULL, NULL, 54, 3),
(493, '030214', 'San Miguel De Chaccrampa', NULL, NULL, 54, 3),
(494, '030215', 'Santa Maria De Chicmo', NULL, NULL, 54, 3),
(495, '030216', 'Talavera', NULL, NULL, 54, 3),
(496, '030217', 'Tumay Huaraca', NULL, NULL, 54, 3),
(497, '030218', 'Turpo', NULL, NULL, 54, 3),
(498, '030219', 'Kaquiabamba', NULL, NULL, 54, 3),
(499, '030301', 'Antabamba', NULL, NULL, 55, 3),
(500, '030302', 'El Oro', NULL, NULL, 55, 3),
(501, '030303', 'Huaquirca', NULL, NULL, 55, 3),
(502, '030304', 'Juan Espinoza Medrano', NULL, NULL, 55, 3),
(503, '030305', 'Oropesa', NULL, NULL, 55, 3),
(504, '030306', 'Pachaconas', NULL, NULL, 55, 3),
(505, '030307', 'Sabaino', NULL, NULL, 55, 3),
(506, '030401', 'Chalhuanca', NULL, NULL, 56, 3),
(507, '030402', 'Capaya', NULL, NULL, 56, 3),
(508, '030403', 'Caraybamba', NULL, NULL, 56, 3),
(509, '030404', 'Chapimarca', NULL, NULL, 56, 3),
(510, '030405', 'Colcabamba', NULL, NULL, 56, 3),
(511, '030406', 'Cotaruse', NULL, NULL, 56, 3),
(512, '030407', 'Huayllo', NULL, NULL, 56, 3),
(513, '030408', 'Justo Apu Sahuaraura', NULL, NULL, 56, 3),
(514, '030409', 'Lucre', NULL, NULL, 56, 3),
(515, '030410', 'Pocohuanca', NULL, NULL, 56, 3),
(516, '030411', 'San Juan De Chacña', NULL, NULL, 56, 3),
(517, '030412', 'Sañayca', NULL, NULL, 56, 3),
(518, '030413', 'Soraya', NULL, NULL, 56, 3),
(519, '030414', 'Tapairihua', NULL, NULL, 56, 3),
(520, '030415', 'Tintay', NULL, NULL, 56, 3),
(521, '030416', 'Toraya', NULL, NULL, 56, 3),
(522, '030417', 'Yanaca', NULL, NULL, 56, 3),
(523, '030501', 'Tambobamba', NULL, NULL, 57, 3),
(524, '030502', 'Cotabambas', NULL, NULL, 57, 3),
(525, '030503', 'Coyllurqui', NULL, NULL, 57, 3),
(526, '030504', 'Haquira', NULL, NULL, 57, 3),
(527, '030505', 'Mara', NULL, NULL, 57, 3),
(528, '030506', 'Challhuahuacho', NULL, NULL, 57, 3),
(529, '030601', 'Chincheros', NULL, NULL, 58, 3),
(530, '030602', 'Anco_huallo', NULL, NULL, 58, 3),
(531, '030603', 'Cocharcas', NULL, NULL, 58, 3),
(532, '030604', 'Huaccana', NULL, NULL, 58, 3),
(533, '030605', 'Ocobamba', NULL, NULL, 58, 3),
(534, '030606', 'Ongoy', NULL, NULL, 58, 3),
(535, '030607', 'Uranmarca', NULL, NULL, 58, 3),
(536, '030608', 'Ranracancha', NULL, NULL, 58, 3),
(537, '030701', 'Chuquibambilla', NULL, NULL, 59, 3),
(538, '030702', 'Curpahuasi', NULL, NULL, 59, 3),
(539, '030703', 'Gamarra', NULL, NULL, 59, 3),
(540, '030704', 'Huayllati', NULL, NULL, 59, 3),
(541, '030705', 'Mamara', NULL, NULL, 59, 3),
(542, '030706', 'Micaela Bastidas', NULL, NULL, 59, 3),
(543, '030707', 'Pataypampa', NULL, NULL, 59, 3),
(544, '030708', 'Progreso', NULL, NULL, 59, 3),
(545, '030709', 'San Antonio', NULL, NULL, 59, 3),
(546, '030710', 'Santa Rosa', NULL, NULL, 59, 3),
(547, '030711', 'Turpay', NULL, NULL, 59, 3),
(548, '030712', 'Vilcabamba', NULL, NULL, 59, 3),
(549, '030713', 'Virundo', NULL, NULL, 59, 3),
(550, '030714', 'Curasco', NULL, NULL, 59, 3),
(551, '040101', 'Arequipa', NULL, NULL, 60, 3),
(552, '040102', 'Alto Selva Alegre', NULL, NULL, 60, 3),
(553, '040103', 'Cayma', NULL, NULL, 60, 3),
(554, '040104', 'Cerro Colorado', NULL, NULL, 60, 3),
(555, '040105', 'Characato', NULL, NULL, 60, 3),
(556, '040106', 'Chiguata', NULL, NULL, 60, 3),
(557, '040107', 'Jacobo Hunter', NULL, NULL, 60, 3),
(558, '040108', 'La Joya', NULL, NULL, 60, 3),
(559, '040109', 'Mariano Melgar', NULL, NULL, 60, 3),
(560, '040110', 'Miraflores', NULL, NULL, 60, 3),
(561, '040111', 'Mollebaya', NULL, NULL, 60, 3),
(562, '040112', 'Paucarpata', NULL, NULL, 60, 3),
(563, '040113', 'Pocsi', NULL, NULL, 60, 3),
(564, '040114', 'Polobaya', NULL, NULL, 60, 3),
(565, '040115', 'Quequeña', NULL, NULL, 60, 3),
(566, '040116', 'Sabandia', NULL, NULL, 60, 3),
(567, '040117', 'Sachaca', NULL, NULL, 60, 3),
(568, '040118', 'San Juan De Siguas', NULL, NULL, 60, 3),
(569, '040119', 'San Juan De Tarucani', NULL, NULL, 60, 3),
(570, '040120', 'Santa Isabel De Siguas', NULL, NULL, 60, 3),
(571, '040121', 'Santa Rita De Siguas', NULL, NULL, 60, 3),
(572, '040122', 'Socabaya', NULL, NULL, 60, 3),
(573, '040123', 'Tiabaya', NULL, NULL, 60, 3),
(574, '040124', 'Uchumayo', NULL, NULL, 60, 3),
(575, '040125', 'Vitor', NULL, NULL, 60, 3),
(576, '040126', 'Yanahuara', NULL, NULL, 60, 3),
(577, '040127', 'Yarabamba', NULL, NULL, 60, 3),
(578, '040128', 'Yura', NULL, NULL, 60, 3),
(579, '040129', 'Jose Luis Bustamante Y Rivero', NULL, NULL, 60, 3),
(580, '040201', 'Camana', NULL, NULL, 61, 3),
(581, '040202', 'Jose Maria Quimper', NULL, NULL, 61, 3),
(582, '040203', 'Mariano Nicolas Valcarcel', NULL, NULL, 61, 3),
(583, '040204', 'Mariscal Caceres', NULL, NULL, 61, 3),
(584, '040205', 'Nicolas De Pierola', NULL, NULL, 61, 3),
(585, '040206', 'Ocoña', NULL, NULL, 61, 3),
(586, '040207', 'Quilca', NULL, NULL, 61, 3),
(587, '040208', 'Samuel Pastor', NULL, NULL, 61, 3),
(588, '040301', 'Caraveli', NULL, NULL, 62, 3),
(589, '040302', 'Acari', NULL, NULL, 62, 3),
(590, '040303', 'Atico', NULL, NULL, 62, 3),
(591, '040304', 'Atiquipa', NULL, NULL, 62, 3),
(592, '040305', 'Bella Union', NULL, NULL, 62, 3),
(593, '040306', 'Cahuacho', NULL, NULL, 62, 3),
(594, '040307', 'Chala', NULL, NULL, 62, 3),
(595, '040308', 'Chaparra', NULL, NULL, 62, 3),
(596, '040309', 'Huanuhuanu', NULL, NULL, 62, 3),
(597, '040310', 'Jaqui', NULL, NULL, 62, 3),
(598, '040311', 'Lomas', NULL, NULL, 62, 3),
(599, '040312', 'Quicacha', NULL, NULL, 62, 3),
(600, '040313', 'Yauca', NULL, NULL, 62, 3),
(601, '040401', 'Aplao', NULL, NULL, 63, 3),
(602, '040402', 'Andagua', NULL, NULL, 63, 3),
(603, '040403', 'Ayo', NULL, NULL, 63, 3),
(604, '040404', 'Chachas', NULL, NULL, 63, 3),
(605, '040405', 'Chilcaymarca', NULL, NULL, 63, 3),
(606, '040406', 'Choco', NULL, NULL, 63, 3),
(607, '040407', 'Huancarqui', NULL, NULL, 63, 3),
(608, '040408', 'Machaguay', NULL, NULL, 63, 3),
(609, '040409', 'Orcopampa', NULL, NULL, 63, 3),
(610, '040410', 'Pampacolca', NULL, NULL, 63, 3),
(611, '040411', 'Tipan', NULL, NULL, 63, 3),
(612, '040412', 'Uñon', NULL, NULL, 63, 3),
(613, '040413', 'Uraca', NULL, NULL, 63, 3),
(614, '040414', 'Viraco', NULL, NULL, 63, 3),
(615, '040501', 'Chivay', NULL, NULL, 64, 3),
(616, '040502', 'Achoma', NULL, NULL, 64, 3),
(617, '040503', 'Cabanaconde', NULL, NULL, 64, 3),
(618, '040504', 'Callalli', NULL, NULL, 64, 3),
(619, '040505', 'Caylloma', NULL, NULL, 64, 3),
(620, '040506', 'Coporaque', NULL, NULL, 64, 3),
(621, '040507', 'Huambo', NULL, NULL, 64, 3),
(622, '040508', 'Huanca', NULL, NULL, 64, 3),
(623, '040509', 'Ichupampa', NULL, NULL, 64, 3),
(624, '040510', 'Lari', NULL, NULL, 64, 3),
(625, '040511', 'Lluta', NULL, NULL, 64, 3),
(626, '040512', 'Maca', NULL, NULL, 64, 3),
(627, '040513', 'Madrigal', NULL, NULL, 64, 3),
(628, '040514', 'San Antonio De Chuca', NULL, NULL, 64, 3),
(629, '040515', 'Sibayo', NULL, NULL, 64, 3),
(630, '040516', 'Tapay', NULL, NULL, 64, 3),
(631, '040517', 'Tisco', NULL, NULL, 64, 3),
(632, '040518', 'Tuti', NULL, NULL, 64, 3),
(633, '040519', 'Yanque', NULL, NULL, 64, 3),
(634, '040520', 'Majes', NULL, NULL, 64, 3),
(635, '040601', 'Chuquibamba', NULL, NULL, 65, 3),
(636, '040602', 'Andaray', NULL, NULL, 65, 3),
(637, '040603', 'Cayarani', NULL, NULL, 65, 3),
(638, '040604', 'Chichas', NULL, NULL, 65, 3),
(639, '040605', 'Iray', NULL, NULL, 65, 3),
(640, '040606', 'Rio Grande', NULL, NULL, 65, 3),
(641, '040607', 'Salamanca', NULL, NULL, 65, 3),
(642, '040608', 'Yanaquihua', NULL, NULL, 65, 3),
(643, '040701', 'Mollendo', NULL, NULL, 66, 3),
(644, '040702', 'Cocachacra', NULL, NULL, 66, 3),
(645, '040703', 'Dean Valdivia', NULL, NULL, 66, 3),
(646, '040704', 'Islay', NULL, NULL, 66, 3),
(647, '040705', 'Mejia', NULL, NULL, 66, 3),
(648, '040706', 'Punta De Bombon', NULL, NULL, 66, 3),
(649, '040801', 'Cotahuasi', NULL, NULL, 67, 3),
(650, '040802', 'Alca', NULL, NULL, 67, 3),
(651, '040803', 'Charcana', NULL, NULL, 67, 3),
(652, '040804', 'Huaynacotas', NULL, NULL, 67, 3),
(653, '040805', 'Pampamarca', NULL, NULL, 67, 3),
(654, '040806', 'Puyca', NULL, NULL, 67, 3),
(655, '040807', 'Quechualla', NULL, NULL, 67, 3),
(656, '040808', 'Sayla', NULL, NULL, 67, 3),
(657, '040809', 'Tauria', NULL, NULL, 67, 3),
(658, '040810', 'Tomepampa', NULL, NULL, 67, 3),
(659, '040811', 'Toro', NULL, NULL, 67, 3),
(660, '050101', 'Ayacucho', NULL, NULL, 68, 3),
(661, '050102', 'Acocro', NULL, NULL, 68, 3),
(662, '050103', 'Acos Vinchos', NULL, NULL, 68, 3),
(663, '050104', 'Carmen Alto', NULL, NULL, 68, 3),
(664, '050105', 'Chiara', NULL, NULL, 68, 3),
(665, '050106', 'Ocros', NULL, NULL, 68, 3),
(666, '050107', 'Pacaycasa', NULL, NULL, 68, 3),
(667, '050108', 'Quinua', NULL, NULL, 68, 3),
(668, '050109', 'San Jose De Ticllas', NULL, NULL, 68, 3),
(669, '050110', 'San Juan Bautista', NULL, NULL, 68, 3),
(670, '050111', 'Santiago De Pischa', NULL, NULL, 68, 3),
(671, '050112', 'Socos', NULL, NULL, 68, 3),
(672, '050113', 'Tambillo', NULL, NULL, 68, 3),
(673, '050114', 'Vinchos', NULL, NULL, 68, 3),
(674, '050115', 'Jesus Nazareno', NULL, NULL, 68, 3),
(675, '050201', 'Cangallo', NULL, NULL, 69, 3),
(676, '050202', 'Chuschi', NULL, NULL, 69, 3),
(677, '050203', 'Los Morochucos', NULL, NULL, 69, 3),
(678, '050204', 'Maria Parado De Bellido', NULL, NULL, 69, 3),
(679, '050205', 'Paras', NULL, NULL, 69, 3),
(680, '050206', 'Totos', NULL, NULL, 69, 3),
(681, '050301', 'Sancos', NULL, NULL, 70, 3),
(682, '050302', 'Carapo', NULL, NULL, 70, 3),
(683, '050303', 'Sacsamarca', NULL, NULL, 70, 3),
(684, '050304', 'Santiago De Lucanamarca', NULL, NULL, 70, 3),
(685, '050401', 'Huanta', NULL, NULL, 71, 3),
(686, '050402', 'Ayahuanco', NULL, NULL, 71, 3),
(687, '050403', 'Huamanguilla', NULL, NULL, 71, 3),
(688, '050404', 'Iguain', NULL, NULL, 71, 3),
(689, '050405', 'Luricocha', NULL, NULL, 71, 3),
(690, '050406', 'Santillana', NULL, NULL, 71, 3),
(691, '050407', 'Sivia', NULL, NULL, 71, 3),
(692, '050408', 'Llochegua', NULL, NULL, 71, 3),
(693, '050501', 'San Miguel', NULL, NULL, 72, 3),
(694, '050502', 'Anco', NULL, NULL, 72, 3),
(695, '050503', 'Ayna', NULL, NULL, 72, 3),
(696, '050504', 'Chilcas', NULL, NULL, 72, 3),
(697, '050505', 'Chungui', NULL, NULL, 72, 3),
(698, '050506', 'Luis Carranza', NULL, NULL, 72, 3),
(699, '050507', 'Santa Rosa', NULL, NULL, 72, 3),
(700, '050508', 'Tambo', NULL, NULL, 72, 3),
(701, '050601', 'Puquio', NULL, NULL, 73, 3),
(702, '050602', 'Aucara', NULL, NULL, 73, 3),
(703, '050603', 'Cabana', NULL, NULL, 73, 3),
(704, '050604', 'Carmen Salcedo', NULL, NULL, 73, 3),
(705, '050605', 'Chaviña', NULL, NULL, 73, 3),
(706, '050606', 'Chipao', NULL, NULL, 73, 3),
(707, '050607', 'Huac-huas', NULL, NULL, 73, 3),
(708, '050608', 'Laramate', NULL, NULL, 73, 3),
(709, '050609', 'Leoncio Prado', NULL, NULL, 73, 3),
(710, '050610', 'Llauta', NULL, NULL, 73, 3),
(711, '050611', 'Lucanas', NULL, NULL, 73, 3),
(712, '050612', 'Ocaña', NULL, NULL, 73, 3),
(713, '050613', 'Otoca', NULL, NULL, 73, 3),
(714, '050614', 'Saisa', NULL, NULL, 73, 3),
(715, '050615', 'San Cristobal', NULL, NULL, 73, 3),
(716, '050616', 'San Juan', NULL, NULL, 73, 3),
(717, '050617', 'San Pedro', NULL, NULL, 73, 3),
(718, '050618', 'San Pedro De Palco', NULL, NULL, 73, 3),
(719, '050619', 'Sancos', NULL, NULL, 73, 3),
(720, '050620', 'Santa Ana De Huaycahuacho', NULL, NULL, 73, 3),
(721, '050621', 'Santa Lucia', NULL, NULL, 73, 3),
(722, '050701', 'Coracora', NULL, NULL, 74, 3),
(723, '050702', 'Chumpi', NULL, NULL, 74, 3),
(724, '050703', 'Coronel Castañeda', NULL, NULL, 74, 3),
(725, '050704', 'Pacapausa', NULL, NULL, 74, 3),
(726, '050705', 'Pullo', NULL, NULL, 74, 3),
(727, '050706', 'Puyusca', NULL, NULL, 74, 3),
(728, '050707', 'San Francisco De Ravacayco', NULL, NULL, 74, 3),
(729, '050708', 'Upahuacho', NULL, NULL, 74, 3),
(730, '050801', 'Pausa', NULL, NULL, 75, 3),
(731, '050802', 'Colta', NULL, NULL, 75, 3),
(732, '050803', 'Corculla', NULL, NULL, 75, 3),
(733, '050804', 'Lampa', NULL, NULL, 75, 3),
(734, '050805', 'Marcabamba', NULL, NULL, 75, 3),
(735, '050806', 'Oyolo', NULL, NULL, 75, 3),
(736, '050807', 'Pararca', NULL, NULL, 75, 3),
(737, '050808', 'San Javier De Alpabamba', NULL, NULL, 75, 3),
(738, '050809', 'San Jose De Ushua', NULL, NULL, 75, 3),
(739, '050810', 'Sara Sara', NULL, NULL, 75, 3),
(740, '050901', 'Querobamba', NULL, NULL, 76, 3),
(741, '050902', 'Belen', NULL, NULL, 76, 3),
(742, '050903', 'Chalcos', NULL, NULL, 76, 3),
(743, '050904', 'Chilcayoc', NULL, NULL, 76, 3),
(744, '050905', 'Huacaña', NULL, NULL, 76, 3),
(745, '050906', 'Morcolla', NULL, NULL, 76, 3),
(746, '050907', 'Paico', NULL, NULL, 76, 3),
(747, '050908', 'San Pedro De Larcay', NULL, NULL, 76, 3),
(748, '050909', 'San Salvador De Quije', NULL, NULL, 76, 3),
(749, '050910', 'Santiago De Paucaray', NULL, NULL, 76, 3),
(750, '050911', 'Soras', NULL, NULL, 76, 3),
(751, '051001', 'Huancapi', NULL, NULL, 77, 3),
(752, '051002', 'Alcamenca', NULL, NULL, 77, 3),
(753, '051003', 'Apongo', NULL, NULL, 77, 3),
(754, '051004', 'Asquipata', NULL, NULL, 77, 3),
(755, '051005', 'Canaria', NULL, NULL, 77, 3),
(756, '051006', 'Cayara', NULL, NULL, 77, 3),
(757, '051007', 'Colca', NULL, NULL, 77, 3),
(758, '051008', 'Huamanquiquia', NULL, NULL, 77, 3),
(759, '051009', 'Huancaraylla', NULL, NULL, 77, 3),
(760, '051010', 'Huaya', NULL, NULL, 77, 3),
(761, '051011', 'Sarhua', NULL, NULL, 77, 3),
(762, '051012', 'Vilcanchos', NULL, NULL, 77, 3),
(763, '051101', 'Vilcas Huaman', NULL, NULL, 78, 3),
(764, '051102', 'Accomarca', NULL, NULL, 78, 3),
(765, '051103', 'Carhuanca', NULL, NULL, 78, 3),
(766, '051104', 'Concepcion', NULL, NULL, 78, 3),
(767, '051105', 'Huambalpa', NULL, NULL, 78, 3),
(768, '051106', 'Independencia', NULL, NULL, 78, 3),
(769, '051107', 'Saurama', NULL, NULL, 78, 3),
(770, '051108', 'Vischongo', NULL, NULL, 78, 3),
(771, '060101', 'Cajamarca', NULL, NULL, 79, 3),
(772, '060102', 'Asuncion', NULL, NULL, 79, 3),
(773, '060103', 'Chetilla', NULL, NULL, 79, 3),
(774, '060104', 'Cospan', NULL, NULL, 79, 3),
(775, '060105', 'Encañada', NULL, NULL, 79, 3),
(776, '060106', 'Jesus', NULL, NULL, 79, 3),
(777, '060107', 'Llacanora', NULL, NULL, 79, 3),
(778, '060108', 'Los Baños Del Inca', NULL, NULL, 79, 3),
(779, '060109', 'Magdalena', NULL, NULL, 79, 3),
(780, '060110', 'Matara', NULL, NULL, 79, 3),
(781, '060111', 'Namora', NULL, NULL, 79, 3),
(782, '060112', 'San Juan', NULL, NULL, 79, 3),
(783, '060201', 'Cajabamba', NULL, NULL, 80, 3),
(784, '060202', 'Cachachi', NULL, NULL, 80, 3),
(785, '060203', 'Condebamba', NULL, NULL, 80, 3),
(786, '060204', 'Sitacocha', NULL, NULL, 80, 3),
(787, '060301', 'Celendin', NULL, NULL, 81, 3),
(788, '060302', 'Chumuch', NULL, NULL, 81, 3),
(789, '060303', 'Cortegana', NULL, NULL, 81, 3),
(790, '060304', 'Huasmin', NULL, NULL, 81, 3),
(791, '060305', 'Jorge Chavez', NULL, NULL, 81, 3),
(792, '060306', 'Jose Galvez', NULL, NULL, 81, 3),
(793, '060307', 'Miguel Iglesias', NULL, NULL, 81, 3),
(794, '060308', 'Oxamarca', NULL, NULL, 81, 3),
(795, '060309', 'Sorochuco', NULL, NULL, 81, 3),
(796, '060310', 'Sucre', NULL, NULL, 81, 3),
(797, '060311', 'Utco', NULL, NULL, 81, 3),
(798, '060312', 'La Libertad De Pallan', NULL, NULL, 81, 3),
(799, '060401', 'Chota', NULL, NULL, 82, 3),
(800, '060402', 'Anguia', NULL, NULL, 82, 3),
(801, '060403', 'Chadin', NULL, NULL, 82, 3),
(802, '060404', 'Chiguirip', NULL, NULL, 82, 3),
(803, '060405', 'Chimban', NULL, NULL, 82, 3),
(804, '060406', 'Choropampa', NULL, NULL, 82, 3),
(805, '060407', 'Cochabamba', NULL, NULL, 82, 3),
(806, '060408', 'Conchan', NULL, NULL, 82, 3),
(807, '060409', 'Huambos', NULL, NULL, 82, 3),
(808, '060410', 'Lajas', NULL, NULL, 82, 3),
(809, '060411', 'Llama', NULL, NULL, 82, 3),
(810, '060412', 'Miracosta', NULL, NULL, 82, 3),
(811, '060413', 'Paccha', NULL, NULL, 82, 3),
(812, '060414', 'Pion', NULL, NULL, 82, 3),
(813, '060415', 'Querocoto', NULL, NULL, 82, 3),
(814, '060416', 'San Juan De Licupis', NULL, NULL, 82, 3),
(815, '060417', 'Tacabamba', NULL, NULL, 82, 3),
(816, '060418', 'Tocmoche', NULL, NULL, 82, 3),
(817, '060419', 'Chalamarca', NULL, NULL, 82, 3),
(818, '060501', 'Contumaza', NULL, NULL, 83, 3),
(819, '060502', 'Chilete', NULL, NULL, 83, 3),
(820, '060503', 'Cupisnique', NULL, NULL, 83, 3),
(821, '060504', 'Guzmango', NULL, NULL, 83, 3),
(822, '060505', 'San Benito', NULL, NULL, 83, 3),
(823, '060506', 'Santa Cruz De Toled', NULL, NULL, 83, 3),
(824, '060507', 'Tantarica', NULL, NULL, 83, 3),
(825, '060508', 'Yonan', NULL, NULL, 83, 3),
(826, '060601', 'Cutervo', NULL, NULL, 84, 3),
(827, '060602', 'Callayuc', NULL, NULL, 84, 3),
(828, '060603', 'Choros', NULL, NULL, 84, 3),
(829, '060604', 'Cujillo', NULL, NULL, 84, 3),
(830, '060605', 'La Ramada', NULL, NULL, 84, 3),
(831, '060606', 'Pimpingos', NULL, NULL, 84, 3),
(832, '060607', 'Querocotillo', NULL, NULL, 84, 3),
(833, '060608', 'San Andres De Cutervo', NULL, NULL, 84, 3),
(834, '060609', 'San Juan De Cutervo', NULL, NULL, 84, 3),
(835, '060610', 'San Luis De Lucma', NULL, NULL, 84, 3),
(836, '060611', 'Santa Cruz', NULL, NULL, 84, 3),
(837, '060612', 'Santo Domingo De La Capilla', NULL, NULL, 84, 3),
(838, '060613', 'Santo Tomas', NULL, NULL, 84, 3),
(839, '060614', 'Socota', NULL, NULL, 84, 3),
(840, '060615', 'Toribio Casanova', NULL, NULL, 84, 3),
(841, '060701', 'Bambamarca', NULL, NULL, 85, 3),
(842, '060702', 'Chugur', NULL, NULL, 85, 3),
(843, '060703', 'Hualgayoc', NULL, NULL, 85, 3),
(844, '060801', 'Jaen', NULL, NULL, 86, 3),
(845, '060802', 'Bellavista', NULL, NULL, 86, 3),
(846, '060803', 'Chontali', NULL, NULL, 86, 3),
(847, '060804', 'Colasay', NULL, NULL, 86, 3),
(848, '060805', 'Huabal', NULL, NULL, 86, 3),
(849, '060806', 'Las Pirias', NULL, NULL, 86, 3),
(850, '060807', 'Pomahuaca', NULL, NULL, 86, 3),
(851, '060808', 'Pucara', NULL, NULL, 86, 3),
(852, '060809', 'Sallique', NULL, NULL, 86, 3),
(853, '060810', 'San Felipe', NULL, NULL, 86, 3),
(854, '060811', 'San Jose Del Alto', NULL, NULL, 86, 3),
(855, '060812', 'Santa Rosa', NULL, NULL, 86, 3),
(856, '060901', 'San Ignacio', NULL, NULL, 87, 3),
(857, '060902', 'Chirinos', NULL, NULL, 87, 3),
(858, '060903', 'Huarango', NULL, NULL, 87, 3),
(859, '060904', 'La Coipa', NULL, NULL, 87, 3),
(860, '060905', 'Namballe', NULL, NULL, 87, 3),
(861, '060906', 'San Jose De Lourdes', NULL, NULL, 87, 3),
(862, '060907', 'Tabaconas', NULL, NULL, 87, 3),
(863, '061001', 'Pedro Galvez', NULL, NULL, 88, 3),
(864, '061002', 'Chancay', NULL, NULL, 88, 3),
(865, '061003', 'Eduardo Villanueva', NULL, NULL, 88, 3),
(866, '061004', 'Gregorio Pita', NULL, NULL, 88, 3),
(867, '061005', 'Ichocan', NULL, NULL, 88, 3),
(868, '061006', 'Jose Manuel Quiroz', NULL, NULL, 88, 3),
(869, '061007', 'Jose Sabogal', NULL, NULL, 88, 3),
(870, '061101', 'San Miguel', NULL, NULL, 89, 3),
(871, '061102', 'Bolivar', NULL, NULL, 89, 3),
(872, '061103', 'Calquis', NULL, NULL, 89, 3),
(873, '061104', 'Catilluc', NULL, NULL, 89, 3),
(874, '061105', 'El Prado', NULL, NULL, 89, 3),
(875, '061106', 'La Florida', NULL, NULL, 89, 3),
(876, '061107', 'Llapa', NULL, NULL, 89, 3),
(877, '061108', 'Nanchoc', NULL, NULL, 89, 3),
(878, '061109', 'Niepos', NULL, NULL, 89, 3),
(879, '061110', 'San Gregorio', NULL, NULL, 89, 3),
(880, '061111', 'San Silvestre De Cochan', NULL, NULL, 89, 3),
(881, '061112', 'Tongod', NULL, NULL, 89, 3),
(882, '061113', 'Union Agua Blanca', NULL, NULL, 89, 3),
(883, '061201', 'San Pablo', NULL, NULL, 90, 3),
(884, '061202', 'San Bernardino', NULL, NULL, 90, 3),
(885, '061203', 'San Luis', NULL, NULL, 90, 3),
(886, '061204', 'Tumbaden', NULL, NULL, 90, 3),
(887, '061301', 'Santa Cruz', NULL, NULL, 91, 3),
(888, '061302', 'Andabamba', NULL, NULL, 91, 3),
(889, '061303', 'Catache', NULL, NULL, 91, 3),
(890, '061304', 'Chancaybaños', NULL, NULL, 91, 3),
(891, '061305', 'La Esperanza', NULL, NULL, 91, 3),
(892, '061306', 'Ninabamba', NULL, NULL, 91, 3),
(893, '061307', 'Pulan', NULL, NULL, 91, 3),
(894, '061308', 'Saucepampa', NULL, NULL, 91, 3),
(895, '061309', 'Sexi', NULL, NULL, 91, 3),
(896, '061310', 'Uticyacu', NULL, NULL, 91, 3),
(897, '061311', 'Yauyucan', NULL, NULL, 91, 3),
(898, '070101', 'Callao', NULL, NULL, 92, 3),
(899, '070102', 'Bellavista', NULL, NULL, 92, 3),
(900, '070103', 'Carmen De La Legua Y Reynoso', NULL, NULL, 92, 3),
(901, '070104', 'La Perla', NULL, NULL, 92, 3),
(902, '070105', 'La Punta', NULL, NULL, 92, 3),
(903, '070106', 'Ventanilla', NULL, NULL, 92, 3),
(904, '070107', 'Mi Perú', NULL, NULL, 92, 3),
(905, '080101', 'Cusco', NULL, NULL, 93, 3),
(906, '080102', 'Ccorca', NULL, NULL, 93, 3),
(907, '080103', 'Poroy', NULL, NULL, 93, 3),
(908, '080104', 'San Jeronimo', NULL, NULL, 93, 3),
(909, '080105', 'San Sebastian', NULL, NULL, 93, 3),
(910, '080106', 'Santiago', NULL, NULL, 93, 3),
(911, '080107', 'Saylla', NULL, NULL, 93, 3),
(912, '080108', 'Wanchaq', NULL, NULL, 93, 3),
(913, '080201', 'Acomayo', NULL, NULL, 94, 3),
(914, '080202', 'Acopia', NULL, NULL, 94, 3),
(915, '080203', 'Acos', NULL, NULL, 94, 3),
(916, '080204', 'Mosoc Llacta', NULL, NULL, 94, 3),
(917, '080205', 'Pomacanchi', NULL, NULL, 94, 3),
(918, '080206', 'Rondocan', NULL, NULL, 94, 3),
(919, '080207', 'Sangarara', NULL, NULL, 94, 3),
(920, '080301', 'Anta', NULL, NULL, 95, 3),
(921, '080302', 'Ancahuasi', NULL, NULL, 95, 3),
(922, '080303', 'Cachimayo', NULL, NULL, 95, 3),
(923, '080304', 'Chinchaypujio', NULL, NULL, 95, 3),
(924, '080305', 'Huarocondo', NULL, NULL, 95, 3),
(925, '080306', 'Limatambo', NULL, NULL, 95, 3),
(926, '080307', 'Mollepata', NULL, NULL, 95, 3),
(927, '080308', 'Pucyura', NULL, NULL, 95, 3),
(928, '080309', 'Zurite', NULL, NULL, 95, 3),
(929, '080401', 'Calca', NULL, NULL, 96, 3),
(930, '080402', 'Coya', NULL, NULL, 96, 3),
(931, '080403', 'Lamay', NULL, NULL, 96, 3),
(932, '080404', 'Lares', NULL, NULL, 96, 3),
(933, '080405', 'Pisac', NULL, NULL, 96, 3),
(934, '080406', 'San Salvador', NULL, NULL, 96, 3),
(935, '080407', 'Taray', NULL, NULL, 96, 3),
(936, '080408', 'Yanatile', NULL, NULL, 96, 3),
(937, '080501', 'Yanaoca', NULL, NULL, 97, 3),
(938, '080502', 'Checca', NULL, NULL, 97, 3),
(939, '080503', 'Kunturkanki', NULL, NULL, 97, 3),
(940, '080504', 'Langui', NULL, NULL, 97, 3),
(941, '080505', 'Layo', NULL, NULL, 97, 3),
(942, '080506', 'Pampamarca', NULL, NULL, 97, 3),
(943, '080507', 'Quehue', NULL, NULL, 97, 3),
(944, '080508', 'Tupac Amaru', NULL, NULL, 97, 3),
(945, '080601', 'Sicuani', NULL, NULL, 98, 3),
(946, '080602', 'Checacupe', NULL, NULL, 98, 3),
(947, '080603', 'Combapata', NULL, NULL, 98, 3),
(948, '080604', 'Marangani', NULL, NULL, 98, 3),
(949, '080605', 'Pitumarca', NULL, NULL, 98, 3),
(950, '080606', 'San Pablo', NULL, NULL, 98, 3),
(951, '080607', 'San Pedro', NULL, NULL, 98, 3),
(952, '080608', 'Tinta', NULL, NULL, 98, 3),
(953, '080701', 'Santo Tomas', NULL, NULL, 99, 3),
(954, '080702', 'Capacmarca', NULL, NULL, 99, 3),
(955, '080703', 'Chamaca', NULL, NULL, 99, 3),
(956, '080704', 'Colquemarca', NULL, NULL, 99, 3),
(957, '080705', 'Livitaca', NULL, NULL, 99, 3),
(958, '080706', 'Llusco', NULL, NULL, 99, 3),
(959, '080707', 'Quiñota', NULL, NULL, 99, 3),
(960, '080708', 'Velille', NULL, NULL, 99, 3),
(961, '080801', 'Espinar', NULL, NULL, 100, 3),
(962, '080802', 'Condoroma', NULL, NULL, 100, 3),
(963, '080803', 'Coporaque', NULL, NULL, 100, 3),
(964, '080804', 'Ocoruro', NULL, NULL, 100, 3),
(965, '080805', 'Pallpata', NULL, NULL, 100, 3),
(966, '080806', 'Pichigua', NULL, NULL, 100, 3),
(967, '080807', 'Suyckutambo', NULL, NULL, 100, 3),
(968, '080808', 'Alto Pichigua', NULL, NULL, 100, 3),
(969, '080901', 'Santa Ana', NULL, NULL, 101, 3),
(970, '080902', 'Echarate', NULL, NULL, 101, 3),
(971, '080903', 'Huayopata', NULL, NULL, 101, 3),
(972, '080904', 'Maranura', NULL, NULL, 101, 3),
(973, '080905', 'Ocobamba', NULL, NULL, 101, 3),
(974, '080906', 'Quellouno', NULL, NULL, 101, 3),
(975, '080907', 'Kimbiri', NULL, NULL, 101, 3),
(976, '080908', 'Santa Teresa', NULL, NULL, 101, 3),
(977, '080909', 'Vilcabamba', NULL, NULL, 101, 3),
(978, '080910', 'Pichari', NULL, NULL, 101, 3),
(979, '081001', 'Paruro', NULL, NULL, 102, 3),
(980, '081002', 'Accha', NULL, NULL, 102, 3),
(981, '081003', 'Ccapi', NULL, NULL, 102, 3),
(982, '081004', 'Colcha', NULL, NULL, 102, 3),
(983, '081005', 'Huanoquite', NULL, NULL, 102, 3),
(984, '081006', 'Omacha', NULL, NULL, 102, 3),
(985, '081007', 'Paccaritambo', NULL, NULL, 102, 3),
(986, '081008', 'Pillpinto', NULL, NULL, 102, 3),
(987, '081009', 'Yaurisque', NULL, NULL, 102, 3),
(988, '081101', 'Paucartambo', NULL, NULL, 103, 3),
(989, '081102', 'Caicay', NULL, NULL, 103, 3),
(990, '081103', 'Challabamba', NULL, NULL, 103, 3),
(991, '081104', 'Colquepata', NULL, NULL, 103, 3),
(992, '081105', 'Huancarani', NULL, NULL, 103, 3),
(993, '081106', 'Kosñipata', NULL, NULL, 103, 3),
(994, '081201', 'Urcos', NULL, NULL, 104, 3),
(995, '081202', 'Andahuaylillas', NULL, NULL, 104, 3),
(996, '081203', 'Camanti', NULL, NULL, 104, 3),
(997, '081204', 'Ccarhuayo', NULL, NULL, 104, 3),
(998, '081205', 'Ccatca', NULL, NULL, 104, 3),
(999, '081206', 'Cusipata', NULL, NULL, 104, 3),
(1000, '081207', 'Huaro', NULL, NULL, 104, 3),
(1001, '081208', 'Lucre', NULL, NULL, 104, 3),
(1002, '081209', 'Marcapata', NULL, NULL, 104, 3),
(1003, '081210', 'Ocongate', NULL, NULL, 104, 3),
(1004, '081211', 'Oropesa', NULL, NULL, 104, 3),
(1005, '081212', 'Quiquijana', NULL, NULL, 104, 3),
(1006, '081301', 'Urubamba', NULL, NULL, 105, 3),
(1007, '081302', 'Chinchero', NULL, NULL, 105, 3),
(1008, '081303', 'Huayllabamba', NULL, NULL, 105, 3),
(1009, '081304', 'Machupicchu', NULL, NULL, 105, 3),
(1010, '081305', 'Maras', NULL, NULL, 105, 3),
(1011, '081306', 'Ollantaytambo', NULL, NULL, 105, 3),
(1012, '081307', 'Yucay', NULL, NULL, 105, 3),
(1013, '090101', 'Huancavelica', NULL, NULL, 106, 3),
(1014, '090102', 'Acobambilla', NULL, NULL, 106, 3),
(1015, '090103', 'Acoria', NULL, NULL, 106, 3),
(1016, '090104', 'Conayca', NULL, NULL, 106, 3),
(1017, '090105', 'Cuenca', NULL, NULL, 106, 3),
(1018, '090106', 'Huachocolpa', NULL, NULL, 106, 3),
(1019, '090107', 'Huayllahuara', NULL, NULL, 106, 3),
(1020, '090108', 'Izcuchaca', NULL, NULL, 106, 3),
(1021, '090109', 'Laria', NULL, NULL, 106, 3),
(1022, '090110', 'Manta', NULL, NULL, 106, 3),
(1023, '090111', 'Mariscal Caceres', NULL, NULL, 106, 3),
(1024, '090112', 'Moya', NULL, NULL, 106, 3),
(1025, '090113', 'Nuevo Occoro', NULL, NULL, 106, 3),
(1026, '090114', 'Palca', NULL, NULL, 106, 3),
(1027, '090115', 'Pilchaca', NULL, NULL, 106, 3),
(1028, '090116', 'Vilca', NULL, NULL, 106, 3),
(1029, '090117', 'Yauli', NULL, NULL, 106, 3),
(1030, '090118', 'Ascension', NULL, NULL, 106, 3),
(1031, '090119', 'Huando', NULL, NULL, 106, 3),
(1032, '090201', 'Acobamba', NULL, NULL, 107, 3),
(1033, '090202', 'Andabamba', NULL, NULL, 107, 3),
(1034, '090203', 'Anta', NULL, NULL, 107, 3),
(1035, '090204', 'Caja', NULL, NULL, 107, 3),
(1036, '090205', 'Marcas', NULL, NULL, 107, 3),
(1037, '090206', 'Paucara', NULL, NULL, 107, 3),
(1038, '090207', 'Pomacocha', NULL, NULL, 107, 3),
(1039, '090208', 'Rosario', NULL, NULL, 107, 3),
(1040, '090301', 'Lircay', NULL, NULL, 108, 3),
(1041, '090302', 'Anchonga', NULL, NULL, 108, 3),
(1042, '090303', 'Callanmarca', NULL, NULL, 108, 3),
(1043, '090304', 'Ccochaccasa', NULL, NULL, 108, 3),
(1044, '090305', 'Chincho', NULL, NULL, 108, 3),
(1045, '090306', 'Congalla', NULL, NULL, 108, 3),
(1046, '090307', 'Huanca-huanca', NULL, NULL, 108, 3),
(1047, '090308', 'Huayllay Grande', NULL, NULL, 108, 3),
(1048, '090309', 'Julcamarca', NULL, NULL, 108, 3),
(1049, '090310', 'San Antonio De Antaparco', NULL, NULL, 108, 3),
(1050, '090311', 'Santo Tomas De Pata', NULL, NULL, 108, 3),
(1051, '090312', 'Secclla', NULL, NULL, 108, 3),
(1052, '090401', 'Castrovirreyna', NULL, NULL, 109, 3),
(1053, '090402', 'Arma', NULL, NULL, 109, 3),
(1054, '090403', 'Aurahua', NULL, NULL, 109, 3),
(1055, '090404', 'Capillas', NULL, NULL, 109, 3),
(1056, '090405', 'Chupamarca', NULL, NULL, 109, 3),
(1057, '090406', 'Cocas', NULL, NULL, 109, 3),
(1058, '090407', 'Huachos', NULL, NULL, 109, 3),
(1059, '090408', 'Huamatambo', NULL, NULL, 109, 3),
(1060, '090409', 'Mollepampa', NULL, NULL, 109, 3),
(1061, '090410', 'San Juan', NULL, NULL, 109, 3),
(1062, '090411', 'Santa Ana', NULL, NULL, 109, 3),
(1063, '090412', 'Tantara', NULL, NULL, 109, 3),
(1064, '090413', 'Ticrapo', NULL, NULL, 109, 3),
(1065, '090501', 'Churcampa', NULL, NULL, 110, 3),
(1066, '090502', 'Anco', NULL, NULL, 110, 3),
(1067, '090503', 'Chinchihuasi', NULL, NULL, 110, 3),
(1068, '090504', 'El Carmen', NULL, NULL, 110, 3),
(1069, '090505', 'La Merced', NULL, NULL, 110, 3),
(1070, '090506', 'Locroja', NULL, NULL, 110, 3),
(1071, '090507', 'Paucarbamba', NULL, NULL, 110, 3);
INSERT INTO `publico_ubigeo` (`id`, `codigo`, `nombre`, `codigo_telefono`, `capital`, `padre_id`, `tipo_ubigeo_id`) VALUES
(1072, '090508', 'San Miguel De Mayocc', NULL, NULL, 110, 3),
(1073, '090509', 'San Pedro De Coris', NULL, NULL, 110, 3),
(1074, '090510', 'Pachamarca', NULL, NULL, 110, 3),
(1075, '090601', 'Huaytara', NULL, NULL, 111, 3),
(1076, '090602', 'Ayavi', NULL, NULL, 111, 3),
(1077, '090603', 'Cordova', NULL, NULL, 111, 3),
(1078, '090604', 'Huayacundo Arma', NULL, NULL, 111, 3),
(1079, '090605', 'Laramarca', NULL, NULL, 111, 3),
(1080, '090606', 'Ocoyo', NULL, NULL, 111, 3),
(1081, '090607', 'Pilpichaca', NULL, NULL, 111, 3),
(1082, '090608', 'Querco', NULL, NULL, 111, 3),
(1083, '090609', 'Quito-arma', NULL, NULL, 111, 3),
(1084, '090610', 'San Antonio De Cusicancha', NULL, NULL, 111, 3),
(1085, '090611', 'San Francisco De Sangayaico', NULL, NULL, 111, 3),
(1086, '090612', 'San Isidro', NULL, NULL, 111, 3),
(1087, '090613', 'Santiago De Chocorvos', NULL, NULL, 111, 3),
(1088, '090614', 'Santiago De Quirahuara', NULL, NULL, 111, 3),
(1089, '090615', 'Santo Domingo De Capillas', NULL, NULL, 111, 3),
(1090, '090616', 'Tambo', NULL, NULL, 111, 3),
(1091, '090701', 'Pampas', NULL, NULL, 112, 3),
(1092, '090702', 'Acostambo', NULL, NULL, 112, 3),
(1093, '090703', 'Acraquia', NULL, NULL, 112, 3),
(1094, '090704', 'Ahuaycha', NULL, NULL, 112, 3),
(1095, '090705', 'Colcabamba', NULL, NULL, 112, 3),
(1096, '090706', 'Daniel Hernandez', NULL, NULL, 112, 3),
(1097, '090707', 'Huachocolpa', NULL, NULL, 112, 3),
(1098, '090709', 'Huaribamba', NULL, NULL, 112, 3),
(1099, '090710', 'Ñahuimpuquio', NULL, NULL, 112, 3),
(1100, '090711', 'Pazos', NULL, NULL, 112, 3),
(1101, '090713', 'Quishuar', NULL, NULL, 112, 3),
(1102, '090714', 'Salcabamba', NULL, NULL, 112, 3),
(1103, '090715', 'Salcahuasi', NULL, NULL, 112, 3),
(1104, '090716', 'San Marcos De Rocchac', NULL, NULL, 112, 3),
(1105, '090717', 'Surcubamba', NULL, NULL, 112, 3),
(1106, '090718', 'Tintay Puncu', NULL, NULL, 112, 3),
(1107, '100101', 'Huanuco', NULL, NULL, 113, 3),
(1108, '100102', 'Amarilis', NULL, NULL, 113, 3),
(1109, '100103', 'Chinchao', NULL, NULL, 113, 3),
(1110, '100104', 'Churubamba', NULL, NULL, 113, 3),
(1111, '100105', 'Margos', NULL, NULL, 113, 3),
(1112, '100106', 'Quisqui', NULL, NULL, 113, 3),
(1113, '100107', 'San Francisco De Cayran', NULL, NULL, 113, 3),
(1114, '100108', 'San Pedro De Chaulan', NULL, NULL, 113, 3),
(1115, '100109', 'Santa Maria Del Valle', NULL, NULL, 113, 3),
(1116, '100110', 'Yarumayo', NULL, NULL, 113, 3),
(1117, '100111', 'Pillco Marca', NULL, NULL, 113, 3),
(1118, '100201', 'Ambo', NULL, NULL, 114, 3),
(1119, '100202', 'Cayna', NULL, NULL, 114, 3),
(1120, '100203', 'Colpas', NULL, NULL, 114, 3),
(1121, '100204', 'Conchamarca', NULL, NULL, 114, 3),
(1122, '100205', 'Huacar', NULL, NULL, 114, 3),
(1123, '100206', 'San Francisco', NULL, NULL, 114, 3),
(1124, '100207', 'San Rafael', NULL, NULL, 114, 3),
(1125, '100208', 'Tomay Kichwa', NULL, NULL, 114, 3),
(1126, '100301', 'La Union', NULL, NULL, 115, 3),
(1127, '100307', 'Chuquis', NULL, NULL, 115, 3),
(1128, '100311', 'Marias', NULL, NULL, 115, 3),
(1129, '100313', 'Pachas', NULL, NULL, 115, 3),
(1130, '100316', 'Quivilla', NULL, NULL, 115, 3),
(1131, '100317', 'Ripan', NULL, NULL, 115, 3),
(1132, '100321', 'Shunqui', NULL, NULL, 115, 3),
(1133, '100322', 'Sillapata', NULL, NULL, 115, 3),
(1134, '100323', 'Yanas', NULL, NULL, 115, 3),
(1135, '100401', 'Huacaybamba', NULL, NULL, 116, 3),
(1136, '100402', 'Canchabamba', NULL, NULL, 116, 3),
(1137, '100403', 'Cochabamba', NULL, NULL, 116, 3),
(1138, '100404', 'Pinra', NULL, NULL, 116, 3),
(1139, '100501', 'Llata', NULL, NULL, 117, 3),
(1140, '100502', 'Arancay', NULL, NULL, 117, 3),
(1141, '100503', 'Chavin De Pariarca', NULL, NULL, 117, 3),
(1142, '100504', 'Jacas Grande', NULL, NULL, 117, 3),
(1143, '100505', 'Jircan', NULL, NULL, 117, 3),
(1144, '100506', 'Miraflores', NULL, NULL, 117, 3),
(1145, '100507', 'Monzon', NULL, NULL, 117, 3),
(1146, '100508', 'Punchao', NULL, NULL, 117, 3),
(1147, '100509', 'Puños', NULL, NULL, 117, 3),
(1148, '100510', 'Singa', NULL, NULL, 117, 3),
(1149, '100511', 'Tantamayo', NULL, NULL, 117, 3),
(1150, '100601', 'Rupa-rupa', NULL, NULL, 118, 3),
(1151, '100602', 'Daniel Alomias Robles', NULL, NULL, 118, 3),
(1152, '100603', 'Hermilio Valdizan', NULL, NULL, 118, 3),
(1153, '100604', 'Jose Crespo Y Castillo', NULL, NULL, 118, 3),
(1154, '100605', 'Luyando', NULL, NULL, 118, 3),
(1155, '100606', 'Mariano Damaso Beraun', NULL, NULL, 118, 3),
(1156, '100701', 'Huacrachuco', NULL, NULL, 119, 3),
(1157, '100702', 'Cholon', NULL, NULL, 119, 3),
(1158, '100703', 'San Buenaventura', NULL, NULL, 119, 3),
(1159, '100801', 'Panao', NULL, NULL, 120, 3),
(1160, '100802', 'Chaglla', NULL, NULL, 120, 3),
(1161, '100803', 'Molino', NULL, NULL, 120, 3),
(1162, '100804', 'Umari', NULL, NULL, 120, 3),
(1163, '100901', 'Puerto Inca', NULL, NULL, 121, 3),
(1164, '100902', 'Codo Del Pozuzo', NULL, NULL, 121, 3),
(1165, '100903', 'Honoria', NULL, NULL, 121, 3),
(1166, '100904', 'Tournavista', NULL, NULL, 121, 3),
(1167, '100905', 'Yuyapichis', NULL, NULL, 121, 3),
(1168, '101001', 'Jesus', NULL, NULL, 122, 3),
(1169, '101002', 'Baños', NULL, NULL, 122, 3),
(1170, '101003', 'Jivia', NULL, NULL, 122, 3),
(1171, '101004', 'Queropalca', NULL, NULL, 122, 3),
(1172, '101005', 'Rondos', NULL, NULL, 122, 3),
(1173, '101006', 'San Francisco De Asis', NULL, NULL, 122, 3),
(1174, '101007', 'San Miguel De Cauri', NULL, NULL, 122, 3),
(1175, '101101', 'Chavinillo', NULL, NULL, 123, 3),
(1176, '101102', 'Cahuac', NULL, NULL, 123, 3),
(1177, '101103', 'Chacabamba', NULL, NULL, 123, 3),
(1178, '101104', 'Aparicio Pomares', NULL, NULL, 123, 3),
(1179, '101105', 'Jacas Chico', NULL, NULL, 123, 3),
(1180, '101106', 'Obas', NULL, NULL, 123, 3),
(1181, '101107', 'Pampamarca', NULL, NULL, 123, 3),
(1182, '101108', 'Choras', NULL, NULL, 123, 3),
(1183, '110101', 'Ica', NULL, NULL, 124, 3),
(1184, '110102', 'La Tinguiña', NULL, NULL, 124, 3),
(1185, '110103', 'Los Aquijes', NULL, NULL, 124, 3),
(1186, '110104', 'Ocucaje', NULL, NULL, 124, 3),
(1187, '110105', 'Pachacutec', NULL, NULL, 124, 3),
(1188, '110106', 'Parcona', NULL, NULL, 124, 3),
(1189, '110107', 'Pueblo Nuevo', NULL, NULL, 124, 3),
(1190, '110108', 'Salas', NULL, NULL, 124, 3),
(1191, '110109', 'San Jose De Los Molinos', NULL, NULL, 124, 3),
(1192, '110110', 'San Juan Bautista', NULL, NULL, 124, 3),
(1193, '110111', 'Santiago', NULL, NULL, 124, 3),
(1194, '110112', 'Subtanjalla', NULL, NULL, 124, 3),
(1195, '110113', 'Tate', NULL, NULL, 124, 3),
(1196, '110114', 'Yauca Del Rosario', NULL, NULL, 124, 3),
(1197, '110201', 'Chincha Alta', NULL, NULL, 125, 3),
(1198, '110202', 'Alto Laran', NULL, NULL, 125, 3),
(1199, '110203', 'Chavin', NULL, NULL, 125, 3),
(1200, '110204', 'Chincha Baja', NULL, NULL, 125, 3),
(1201, '110205', 'El Carmen', NULL, NULL, 125, 3),
(1202, '110206', 'Grocio Prado', NULL, NULL, 125, 3),
(1203, '110207', 'Pueblo Nuevo', NULL, NULL, 125, 3),
(1204, '110208', 'San Juan De Yanac', NULL, NULL, 125, 3),
(1205, '110209', 'San Pedro De Huacarpana', NULL, NULL, 125, 3),
(1206, '110210', 'Sunampe', NULL, NULL, 125, 3),
(1207, '110211', 'Tambo De Mora', NULL, NULL, 125, 3),
(1208, '110301', 'Nazca', NULL, NULL, 126, 3),
(1209, '110302', 'Changuillo', NULL, NULL, 126, 3),
(1210, '110303', 'El Ingenio', NULL, NULL, 126, 3),
(1211, '110304', 'Marcona', NULL, NULL, 126, 3),
(1212, '110305', 'Vista Alegre', NULL, NULL, 126, 3),
(1213, '110401', 'Palpa', NULL, NULL, 127, 3),
(1214, '110402', 'Llipata', NULL, NULL, 127, 3),
(1215, '110403', 'Rio Grande', NULL, NULL, 127, 3),
(1216, '110404', 'Santa Cruz', NULL, NULL, 127, 3),
(1217, '110405', 'Tibillo', NULL, NULL, 127, 3),
(1218, '110501', 'Pisco', NULL, NULL, 128, 3),
(1219, '110502', 'Huancano', NULL, NULL, 128, 3),
(1220, '110503', 'Humay', NULL, NULL, 128, 3),
(1221, '110504', 'Independencia', NULL, NULL, 128, 3),
(1222, '110505', 'Paracas', NULL, NULL, 128, 3),
(1223, '110506', 'San Andres', NULL, NULL, 128, 3),
(1224, '110507', 'San Clemente', NULL, NULL, 128, 3),
(1225, '110508', 'Tupac Amaru Inca', NULL, NULL, 128, 3),
(1226, '120101', 'Huancayo', NULL, NULL, 129, 3),
(1227, '120104', 'Carhuacallanga', NULL, NULL, 129, 3),
(1228, '120105', 'Chacapampa', NULL, NULL, 129, 3),
(1229, '120106', 'Chicche', NULL, NULL, 129, 3),
(1230, '120107', 'Chilca', NULL, NULL, 129, 3),
(1231, '120108', 'Chongos Alto', NULL, NULL, 129, 3),
(1232, '120111', 'Chupuro', NULL, NULL, 129, 3),
(1233, '120112', 'Colca', NULL, NULL, 129, 3),
(1234, '120113', 'Cullhuas', NULL, NULL, 129, 3),
(1235, '120114', 'El Tambo', NULL, NULL, 129, 3),
(1236, '120116', 'Huacrapuquio', NULL, NULL, 129, 3),
(1237, '120117', 'Hualhuas', NULL, NULL, 129, 3),
(1238, '120119', 'Huancan', NULL, NULL, 129, 3),
(1239, '120120', 'Huasicancha', NULL, NULL, 129, 3),
(1240, '120121', 'Huayucachi', NULL, NULL, 129, 3),
(1241, '120122', 'Ingenio', NULL, NULL, 129, 3),
(1242, '120124', 'Pariahuanca', NULL, NULL, 129, 3),
(1243, '120125', 'Pilcomayo', NULL, NULL, 129, 3),
(1244, '120126', 'Pucara', NULL, NULL, 129, 3),
(1245, '120127', 'Quichuay', NULL, NULL, 129, 3),
(1246, '120128', 'Quilcas', NULL, NULL, 129, 3),
(1247, '120129', 'San Agustin', NULL, NULL, 129, 3),
(1248, '120130', 'San Jeronimo De Tunan', NULL, NULL, 129, 3),
(1249, '120132', 'Saño', NULL, NULL, 129, 3),
(1250, '120133', 'Sapallanga', NULL, NULL, 129, 3),
(1251, '120134', 'Sicaya', NULL, NULL, 129, 3),
(1252, '120135', 'Santo Domingo De Acobamba', NULL, NULL, 129, 3),
(1253, '120136', 'Viques', NULL, NULL, 129, 3),
(1254, '120201', 'Concepcion', NULL, NULL, 130, 3),
(1255, '120202', 'Aco', NULL, NULL, 130, 3),
(1256, '120203', 'Andamarca', NULL, NULL, 130, 3),
(1257, '120204', 'Chambara', NULL, NULL, 130, 3),
(1258, '120205', 'Cochas', NULL, NULL, 130, 3),
(1259, '120206', 'Comas', NULL, NULL, 130, 3),
(1260, '120207', 'Heroinas Toledo', NULL, NULL, 130, 3),
(1261, '120208', 'Manzanares', NULL, NULL, 130, 3),
(1262, '120209', 'Mariscal Castilla', NULL, NULL, 130, 3),
(1263, '120210', 'Matahuasi', NULL, NULL, 130, 3),
(1264, '120211', 'Mito', NULL, NULL, 130, 3),
(1265, '120212', 'Nueve De Julio', NULL, NULL, 130, 3),
(1266, '120213', 'Orcotuna', NULL, NULL, 130, 3),
(1267, '120214', 'San Jose De Quero', NULL, NULL, 130, 3),
(1268, '120215', 'Santa Rosa De Ocopa', NULL, NULL, 130, 3),
(1269, '120301', 'Chanchamayo', NULL, NULL, 131, 3),
(1270, '120302', 'Perene', NULL, NULL, 131, 3),
(1271, '120303', 'Pichanaqui', NULL, NULL, 131, 3),
(1272, '120304', 'San Luis De Shuaro', NULL, NULL, 131, 3),
(1273, '120305', 'San Ramon', NULL, NULL, 131, 3),
(1274, '120306', 'Vitoc', NULL, NULL, 131, 3),
(1275, '120401', 'Jauja', NULL, NULL, 132, 3),
(1276, '120402', 'Acolla', NULL, NULL, 132, 3),
(1277, '120403', 'Apata', NULL, NULL, 132, 3),
(1278, '120404', 'Ataura', NULL, NULL, 132, 3),
(1279, '120405', 'Canchayllo', NULL, NULL, 132, 3),
(1280, '120406', 'Curicaca', NULL, NULL, 132, 3),
(1281, '120407', 'El Mantaro', NULL, NULL, 132, 3),
(1282, '120408', 'Huamali', NULL, NULL, 132, 3),
(1283, '120409', 'Huaripampa', NULL, NULL, 132, 3),
(1284, '120410', 'Huertas', NULL, NULL, 132, 3),
(1285, '120411', 'Janjaillo', NULL, NULL, 132, 3),
(1286, '120412', 'Julcan', NULL, NULL, 132, 3),
(1287, '120413', 'Leonor Ordoñez', NULL, NULL, 132, 3),
(1288, '120414', 'Llocllapampa', NULL, NULL, 132, 3),
(1289, '120415', 'Marco', NULL, NULL, 132, 3),
(1290, '120416', 'Masma', NULL, NULL, 132, 3),
(1291, '120417', 'Masma Chicche', NULL, NULL, 132, 3),
(1292, '120418', 'Molinos', NULL, NULL, 132, 3),
(1293, '120419', 'Monobamba', NULL, NULL, 132, 3),
(1294, '120420', 'Muqui', NULL, NULL, 132, 3),
(1295, '120421', 'Muquiyauyo', NULL, NULL, 132, 3),
(1296, '120422', 'Paca', NULL, NULL, 132, 3),
(1297, '120423', 'Paccha', NULL, NULL, 132, 3),
(1298, '120424', 'Pancan', NULL, NULL, 132, 3),
(1299, '120425', 'Parco', NULL, NULL, 132, 3),
(1300, '120426', 'Pomacancha', NULL, NULL, 132, 3),
(1301, '120427', 'Ricran', NULL, NULL, 132, 3),
(1302, '120428', 'San Lorenzo', NULL, NULL, 132, 3),
(1303, '120429', 'San Pedro De Chunan', NULL, NULL, 132, 3),
(1304, '120430', 'Sausa', NULL, NULL, 132, 3),
(1305, '120431', 'Sincos', NULL, NULL, 132, 3),
(1306, '120432', 'Tunan Marca', NULL, NULL, 132, 3),
(1307, '120433', 'Yauli', NULL, NULL, 132, 3),
(1308, '120434', 'Yauyos', NULL, NULL, 132, 3),
(1309, '120501', 'Junin', NULL, NULL, 133, 3),
(1310, '120502', 'Carhuamayo', NULL, NULL, 133, 3),
(1311, '120503', 'Ondores', NULL, NULL, 133, 3),
(1312, '120504', 'Ulcumayo', NULL, NULL, 133, 3),
(1313, '120601', 'Satipo', NULL, NULL, 134, 3),
(1314, '120602', 'Coviriali', NULL, NULL, 134, 3),
(1315, '120603', 'Llaylla', NULL, NULL, 134, 3),
(1316, '120604', 'Mazamari', NULL, NULL, 134, 3),
(1317, '120605', 'Pampa Hermosa', NULL, NULL, 134, 3),
(1318, '120606', 'Pangoa', NULL, NULL, 134, 3),
(1319, '120607', 'Rio Negro', NULL, NULL, 134, 3),
(1320, '120608', 'Rio Tambo', NULL, NULL, 134, 3),
(1321, '120701', 'Tarma', NULL, NULL, 135, 3),
(1322, '120702', 'Acobamba', NULL, NULL, 135, 3),
(1323, '120703', 'Huaricolca', NULL, NULL, 135, 3),
(1324, '120704', 'Huasahuasi', NULL, NULL, 135, 3),
(1325, '120705', 'La Union', NULL, NULL, 135, 3),
(1326, '120706', 'Palca', NULL, NULL, 135, 3),
(1327, '120707', 'Palcamayo', NULL, NULL, 135, 3),
(1328, '120708', 'San Pedro De Cajas', NULL, NULL, 135, 3),
(1329, '120709', 'Tapo', NULL, NULL, 135, 3),
(1330, '120801', 'La Oroya', NULL, NULL, 136, 3),
(1331, '120802', 'Chacapalpa', NULL, NULL, 136, 3),
(1332, '120803', 'Huay-huay', NULL, NULL, 136, 3),
(1333, '120804', 'Marcapomacocha', NULL, NULL, 136, 3),
(1334, '120805', 'Morococha', NULL, NULL, 136, 3),
(1335, '120806', 'Paccha', NULL, NULL, 136, 3),
(1336, '120807', 'Santa Barbara De Carhuacayan', NULL, NULL, 136, 3),
(1337, '120808', 'Santa Rosa De Sacco', NULL, NULL, 136, 3),
(1338, '120809', 'Suitucancha', NULL, NULL, 136, 3),
(1339, '120810', 'Yauli', NULL, NULL, 136, 3),
(1340, '120901', 'Chupaca', NULL, NULL, 137, 3),
(1341, '120902', 'Ahuac', NULL, NULL, 137, 3),
(1342, '120903', 'Chongos Bajo', NULL, NULL, 137, 3),
(1343, '120904', 'Huachac', NULL, NULL, 137, 3),
(1344, '120905', 'Huamancaca Chico', NULL, NULL, 137, 3),
(1345, '120906', 'San Juan De Yscos', NULL, NULL, 137, 3),
(1346, '120907', 'San Juan De Jarpa', NULL, NULL, 137, 3),
(1347, '120908', 'Tres De Diciembre', NULL, NULL, 137, 3),
(1348, '120909', 'Yanacancha', NULL, NULL, 137, 3),
(1349, '130101', 'Trujillo', NULL, NULL, 138, 3),
(1350, '130102', 'El Porvenir', NULL, NULL, 138, 3),
(1351, '130103', 'Florencia De Mora', NULL, NULL, 138, 3),
(1352, '130104', 'Huanchaco', NULL, NULL, 138, 3),
(1353, '130105', 'La Esperanza', NULL, NULL, 138, 3),
(1354, '130106', 'Laredo', NULL, NULL, 138, 3),
(1355, '130107', 'Moche', NULL, NULL, 138, 3),
(1356, '130108', 'Poroto', NULL, NULL, 138, 3),
(1357, '130109', 'Salaverry', NULL, NULL, 138, 3),
(1358, '130110', 'Simbal', NULL, NULL, 138, 3),
(1359, '130111', 'Victor Larco Herrera', NULL, NULL, 138, 3),
(1360, '130201', 'Ascope', NULL, NULL, 139, 3),
(1361, '130202', 'Chicama', NULL, NULL, 139, 3),
(1362, '130203', 'Chocope', NULL, NULL, 139, 3),
(1363, '130204', 'Magdalena De Cao', NULL, NULL, 139, 3),
(1364, '130205', 'Paijan', NULL, NULL, 139, 3),
(1365, '130206', 'Razuri', NULL, NULL, 139, 3),
(1366, '130207', 'Santiago De Cao', NULL, NULL, 139, 3),
(1367, '130208', 'Casa Grande', NULL, NULL, 139, 3),
(1368, '130301', 'Bolivar', NULL, NULL, 140, 3),
(1369, '130302', 'Bambamarca', NULL, NULL, 140, 3),
(1370, '130303', 'Condormarca', NULL, NULL, 140, 3),
(1371, '130304', 'Longotea', NULL, NULL, 140, 3),
(1372, '130305', 'Uchumarca', NULL, NULL, 140, 3),
(1373, '130306', 'Ucuncha', NULL, NULL, 140, 3),
(1374, '130401', 'Chepen', NULL, NULL, 141, 3),
(1375, '130402', 'Pacanga', NULL, NULL, 141, 3),
(1376, '130403', 'Pueblo Nuevo', NULL, NULL, 141, 3),
(1377, '130501', 'Julcan', NULL, NULL, 142, 3),
(1378, '130502', 'Calamarca', NULL, NULL, 142, 3),
(1379, '130503', 'Carabamba', NULL, NULL, 142, 3),
(1380, '130504', 'Huaso', NULL, NULL, 142, 3),
(1381, '130601', 'Otuzco', NULL, NULL, 143, 3),
(1382, '130602', 'Agallpampa', NULL, NULL, 143, 3),
(1383, '130604', 'Charat', NULL, NULL, 143, 3),
(1384, '130605', 'Huaranchal', NULL, NULL, 143, 3),
(1385, '130606', 'La Cuesta', NULL, NULL, 143, 3),
(1386, '130608', 'Mache', NULL, NULL, 143, 3),
(1387, '130610', 'Paranday', NULL, NULL, 143, 3),
(1388, '130611', 'Salpo', NULL, NULL, 143, 3),
(1389, '130613', 'Sinsicap', NULL, NULL, 143, 3),
(1390, '130614', 'Usquil', NULL, NULL, 143, 3),
(1391, '130701', 'San Pedro De Lloc', NULL, NULL, 144, 3),
(1392, '130702', 'Guadalupe', NULL, NULL, 144, 3),
(1393, '130703', 'Jequetepeque', NULL, NULL, 144, 3),
(1394, '130704', 'Pacasmayo', NULL, NULL, 144, 3),
(1395, '130705', 'San Jose', NULL, NULL, 144, 3),
(1396, '130801', 'Tayabamba', NULL, NULL, 145, 3),
(1397, '130802', 'Buldibuyo', NULL, NULL, 145, 3),
(1398, '130803', 'Chillia', NULL, NULL, 145, 3),
(1399, '130804', 'Huancaspata', NULL, NULL, 145, 3),
(1400, '130805', 'Huaylillas', NULL, NULL, 145, 3),
(1401, '130806', 'Huayo', NULL, NULL, 145, 3),
(1402, '130807', 'Ongon', NULL, NULL, 145, 3),
(1403, '130808', 'Parcoy', NULL, NULL, 145, 3),
(1404, '130809', 'Pataz', NULL, NULL, 145, 3),
(1405, '130810', 'Pias', NULL, NULL, 145, 3),
(1406, '130811', 'Santiago De Challas', NULL, NULL, 145, 3),
(1407, '130812', 'Taurija', NULL, NULL, 145, 3),
(1408, '130813', 'Urpay', NULL, NULL, 145, 3),
(1409, '130901', 'Huamachuco', NULL, NULL, 146, 3),
(1410, '130902', 'Chugay', NULL, NULL, 146, 3),
(1411, '130903', 'Cochorco', NULL, NULL, 146, 3),
(1412, '130904', 'Curgos', NULL, NULL, 146, 3),
(1413, '130905', 'Marcabal', NULL, NULL, 146, 3),
(1414, '130906', 'Sanagoran', NULL, NULL, 146, 3),
(1415, '130907', 'Sarin', NULL, NULL, 146, 3),
(1416, '130908', 'Sartimbamba', NULL, NULL, 146, 3),
(1417, '131001', 'Santiago De Chuco', NULL, NULL, 147, 3),
(1418, '131002', 'Angasmarca', NULL, NULL, 147, 3),
(1419, '131003', 'Cachicadan', NULL, NULL, 147, 3),
(1420, '131004', 'Mollebamba', NULL, NULL, 147, 3),
(1421, '131005', 'Mollepata', NULL, NULL, 147, 3),
(1422, '131006', 'Quiruvilca', NULL, NULL, 147, 3),
(1423, '131007', 'Santa Cruz De Chuca', NULL, NULL, 147, 3),
(1424, '131008', 'Sitabamba', NULL, NULL, 147, 3),
(1425, '131101', 'Cascas', NULL, NULL, 148, 3),
(1426, '131102', 'Lucma', NULL, NULL, 148, 3),
(1427, '131103', 'Compin', NULL, NULL, 148, 3),
(1428, '131104', 'Sayapullo', NULL, NULL, 148, 3),
(1429, '131201', 'Viru', NULL, NULL, 149, 3),
(1430, '131202', 'Chao', NULL, NULL, 149, 3),
(1431, '131203', 'Guadalupito', NULL, NULL, 149, 3),
(1432, '140101', 'Chiclayo', NULL, NULL, 150, 3),
(1433, '140102', 'Chongoyape', NULL, NULL, 150, 3),
(1434, '140103', 'Eten', NULL, NULL, 150, 3),
(1435, '140104', 'Eten Puerto', NULL, NULL, 150, 3),
(1436, '140105', 'Jose Leonardo Ortiz', NULL, NULL, 150, 3),
(1437, '140106', 'La Victoria', NULL, NULL, 150, 3),
(1438, '140107', 'Lagunas', NULL, NULL, 150, 3),
(1439, '140108', 'Monsefu', NULL, NULL, 150, 3),
(1440, '140109', 'Nueva Arica', NULL, NULL, 150, 3),
(1441, '140110', 'Oyotun', NULL, NULL, 150, 3),
(1442, '140111', 'Picsi', NULL, NULL, 150, 3),
(1443, '140112', 'Pimentel', NULL, NULL, 150, 3),
(1444, '140113', 'Reque', NULL, NULL, 150, 3),
(1445, '140114', 'Santa Rosa', NULL, NULL, 150, 3),
(1446, '140115', 'Saña', NULL, NULL, 150, 3),
(1447, '140116', 'Cayalti', NULL, NULL, 150, 3),
(1448, '140117', 'Patapo', NULL, NULL, 150, 3),
(1449, '140118', 'Pomalca', NULL, NULL, 150, 3),
(1450, '140119', 'Pucala', NULL, NULL, 150, 3),
(1451, '140120', 'Tuman', NULL, NULL, 150, 3),
(1452, '140201', 'Ferreñafe', NULL, NULL, 151, 3),
(1453, '140202', 'Cañaris', NULL, NULL, 151, 3),
(1454, '140203', 'Incahuasi', NULL, NULL, 151, 3),
(1455, '140204', 'Manuel Antonio Mesones Muro', NULL, NULL, 151, 3),
(1456, '140205', 'Pitipo', NULL, NULL, 151, 3),
(1457, '140206', 'Pueblo Nuevo', NULL, NULL, 151, 3),
(1458, '140301', 'Lambayeque', NULL, NULL, 152, 3),
(1459, '140302', 'Chochope', NULL, NULL, 152, 3),
(1460, '140303', 'Illimo', NULL, NULL, 152, 3),
(1461, '140304', 'Jayanca', NULL, NULL, 152, 3),
(1462, '140305', 'Mochumi', NULL, NULL, 152, 3),
(1463, '140306', 'Morrope', NULL, NULL, 152, 3),
(1464, '140307', 'Motupe', NULL, NULL, 152, 3),
(1465, '140308', 'Olmos', NULL, NULL, 152, 3),
(1466, '140309', 'Pacora', NULL, NULL, 152, 3),
(1467, '140310', 'Salas', NULL, NULL, 152, 3),
(1468, '140311', 'San Jose', NULL, NULL, 152, 3),
(1469, '140312', 'Tucume', NULL, NULL, 152, 3),
(1470, '150101', 'Lima', NULL, NULL, 153, 3),
(1471, '150102', 'Ancon', NULL, NULL, 153, 3),
(1472, '150103', 'Ate', NULL, NULL, 153, 3),
(1473, '150104', 'Barranco', NULL, NULL, 153, 3),
(1474, '150105', 'Breña', NULL, NULL, 153, 3),
(1475, '150106', 'Carabayllo', NULL, NULL, 153, 3),
(1476, '150107', 'Chaclacayo', NULL, NULL, 153, 3),
(1477, '150108', 'Chorrillos', NULL, NULL, 153, 3),
(1478, '150109', 'Cieneguilla', NULL, NULL, 153, 3),
(1479, '150110', 'Comas', NULL, NULL, 153, 3),
(1480, '150111', 'El Agustino', NULL, NULL, 153, 3),
(1481, '150112', 'Independencia', NULL, NULL, 153, 3),
(1482, '150113', 'Jesus Maria', NULL, NULL, 153, 3),
(1483, '150114', 'La Molina', NULL, NULL, 153, 3),
(1484, '150115', 'La Victoria', NULL, NULL, 153, 3),
(1485, '150116', 'Lince', NULL, NULL, 153, 3),
(1486, '150117', 'Los Olivos', NULL, NULL, 153, 3),
(1487, '150118', 'Lurigancho', NULL, NULL, 153, 3),
(1488, '150119', 'Lurin', NULL, NULL, 153, 3),
(1489, '150120', 'Magdalena Del Mar', NULL, NULL, 153, 3),
(1490, '150121', 'Pueblo Libre', NULL, NULL, 153, 3),
(1491, '150122', 'Miraflores', NULL, NULL, 153, 3),
(1492, '150123', 'Pachacamac', NULL, NULL, 153, 3),
(1493, '150124', 'Pucusana', NULL, NULL, 153, 3),
(1494, '150125', 'Puente Piedra', NULL, NULL, 153, 3),
(1495, '150126', 'Punta Hermosa', NULL, NULL, 153, 3),
(1496, '150127', 'Punta Negra', NULL, NULL, 153, 3),
(1497, '150128', 'Rimac', NULL, NULL, 153, 3),
(1498, '150129', 'San Bartolo', NULL, NULL, 153, 3),
(1499, '150130', 'San Borja', NULL, NULL, 153, 3),
(1500, '150131', 'San Isidro', NULL, NULL, 153, 3),
(1501, '150132', 'San Juan De Lurigancho', NULL, NULL, 153, 3),
(1502, '150133', 'San Juan De Miraflores', NULL, NULL, 153, 3),
(1503, '150134', 'San Luis', NULL, NULL, 153, 3),
(1504, '150135', 'San Martin De Porres', NULL, NULL, 153, 3),
(1505, '150136', 'San Miguel', NULL, NULL, 153, 3),
(1506, '150137', 'Santa Anita', NULL, NULL, 153, 3),
(1507, '150138', 'Santa Maria Del Mar', NULL, NULL, 153, 3),
(1508, '150139', 'Santa Rosa', NULL, NULL, 153, 3),
(1509, '150140', 'Santiago De Surco', NULL, NULL, 153, 3),
(1510, '150141', 'Surquillo', NULL, NULL, 153, 3),
(1511, '150142', 'Villa El Salvador', NULL, NULL, 153, 3),
(1512, '150143', 'Villa Maria Del Triunfo', NULL, NULL, 153, 3),
(1513, '150201', 'Barranca', NULL, NULL, 154, 3),
(1514, '150202', 'Paramonga', NULL, NULL, 154, 3),
(1515, '150203', 'Pativilca', NULL, NULL, 154, 3),
(1516, '150204', 'Supe', NULL, NULL, 154, 3),
(1517, '150205', 'Supe Puerto', NULL, NULL, 154, 3),
(1518, '150301', 'Cajatambo', NULL, NULL, 155, 3),
(1519, '150302', 'Copa', NULL, NULL, 155, 3),
(1520, '150303', 'Gorgor', NULL, NULL, 155, 3),
(1521, '150304', 'Huancapon', NULL, NULL, 155, 3),
(1522, '150305', 'Manas', NULL, NULL, 155, 3),
(1523, '150401', 'Canta', NULL, NULL, 156, 3),
(1524, '150402', 'Arahuay', NULL, NULL, 156, 3),
(1525, '150403', 'Huamantanga', NULL, NULL, 156, 3),
(1526, '150404', 'Huaros', NULL, NULL, 156, 3),
(1527, '150405', 'Lachaqui', NULL, NULL, 156, 3),
(1528, '150406', 'San Buenaventura', NULL, NULL, 156, 3),
(1529, '150407', 'Santa Rosa De Quives', NULL, NULL, 156, 3),
(1530, '150501', 'San Vicente De Cañete', NULL, NULL, 157, 3),
(1531, '150502', 'Asia', NULL, NULL, 157, 3),
(1532, '150503', 'Calango', NULL, NULL, 157, 3),
(1533, '150504', 'Cerro Azul', NULL, NULL, 157, 3),
(1534, '150505', 'Chilca', NULL, NULL, 157, 3),
(1535, '150506', 'Coayllo', NULL, NULL, 157, 3),
(1536, '150507', 'Imperial', NULL, NULL, 157, 3),
(1537, '150508', 'Lunahuana', NULL, NULL, 157, 3),
(1538, '150509', 'Mala', NULL, NULL, 157, 3),
(1539, '150510', 'Nuevo Imperial', NULL, NULL, 157, 3),
(1540, '150511', 'Pacaran', NULL, NULL, 157, 3),
(1541, '150512', 'Quilmana', NULL, NULL, 157, 3),
(1542, '150513', 'San Antonio', NULL, NULL, 157, 3),
(1543, '150514', 'San Luis', NULL, NULL, 157, 3),
(1544, '150515', 'Santa Cruz De Flores', NULL, NULL, 157, 3),
(1545, '150516', 'Zuñiga', NULL, NULL, 157, 3),
(1546, '150601', 'Huaral', NULL, NULL, 158, 3),
(1547, '150602', 'Atavillos Alto', NULL, NULL, 158, 3),
(1548, '150603', 'Atavillos Bajo', NULL, NULL, 158, 3),
(1549, '150604', 'Aucallama', NULL, NULL, 158, 3),
(1550, '150605', 'Chancay', NULL, NULL, 158, 3),
(1551, '150606', 'Ihuari', NULL, NULL, 158, 3),
(1552, '150607', 'Lampian', NULL, NULL, 158, 3),
(1553, '150608', 'Pacaraos', NULL, NULL, 158, 3),
(1554, '150609', 'San Miguel De Acos', NULL, NULL, 158, 3),
(1555, '150610', 'Santa Cruz De Andamarca', NULL, NULL, 158, 3),
(1556, '150611', 'Sumbilca', NULL, NULL, 158, 3),
(1557, '150612', 'Veintisiete De Noviembre', NULL, NULL, 158, 3),
(1558, '150701', 'Matucana', NULL, NULL, 159, 3),
(1559, '150702', 'Antioquia', NULL, NULL, 159, 3),
(1560, '150703', 'Callahuanca', NULL, NULL, 159, 3),
(1561, '150704', 'Carampoma', NULL, NULL, 159, 3),
(1562, '150705', 'Chicla', NULL, NULL, 159, 3),
(1563, '150706', 'Cuenca', NULL, NULL, 159, 3),
(1564, '150707', 'Huachupampa', NULL, NULL, 159, 3),
(1565, '150708', 'Huanza', NULL, NULL, 159, 3),
(1566, '150709', 'Huarochiri', NULL, NULL, 159, 3),
(1567, '150710', 'Lahuaytambo', NULL, NULL, 159, 3),
(1568, '150711', 'Langa', NULL, NULL, 159, 3),
(1569, '150712', 'Laraos', NULL, NULL, 159, 3),
(1570, '150713', 'Mariatana', NULL, NULL, 159, 3),
(1571, '150714', 'Ricardo Palma', NULL, NULL, 159, 3),
(1572, '150715', 'San Andres De Tupicocha', NULL, NULL, 159, 3),
(1573, '150716', 'San Antonio', NULL, NULL, 159, 3),
(1574, '150717', 'San Bartolome', NULL, NULL, 159, 3),
(1575, '150718', 'San Damian', NULL, NULL, 159, 3),
(1576, '150719', 'San Juan De Iris', NULL, NULL, 159, 3),
(1577, '150720', 'San Juan De Tantaranche', NULL, NULL, 159, 3),
(1578, '150721', 'San Lorenzo De Quinti', NULL, NULL, 159, 3),
(1579, '150722', 'San Mateo', NULL, NULL, 159, 3),
(1580, '150723', 'San Mateo De Otao', NULL, NULL, 159, 3),
(1581, '150724', 'San Pedro De Casta', NULL, NULL, 159, 3),
(1582, '150725', 'San Pedro De Huancayre', NULL, NULL, 159, 3),
(1583, '150726', 'Sangallaya', NULL, NULL, 159, 3),
(1584, '150727', 'Santa Cruz De Cocachacra', NULL, NULL, 159, 3),
(1585, '150728', 'Santa Eulalia', NULL, NULL, 159, 3),
(1586, '150729', 'Santiago De Anchucaya', NULL, NULL, 159, 3),
(1587, '150730', 'Santiago De Tuna', NULL, NULL, 159, 3),
(1588, '150731', 'Santo Domingo De Los Olleros', NULL, NULL, 159, 3),
(1589, '150732', 'Surco', NULL, NULL, 159, 3),
(1590, '150801', 'Huacho', NULL, NULL, 160, 3),
(1591, '150802', 'Ambar', NULL, NULL, 160, 3),
(1592, '150803', 'Caleta De Carquin', NULL, NULL, 160, 3),
(1593, '150804', 'Checras', NULL, NULL, 160, 3),
(1594, '150805', 'Hualmay', NULL, NULL, 160, 3),
(1595, '150806', 'Huaura', NULL, NULL, 160, 3),
(1596, '150807', 'Leoncio Prado', NULL, NULL, 160, 3),
(1597, '150808', 'Paccho', NULL, NULL, 160, 3),
(1598, '150809', 'Santa Leonor', NULL, NULL, 160, 3),
(1599, '150810', 'Santa Maria', NULL, NULL, 160, 3),
(1600, '150811', 'Sayan', NULL, NULL, 160, 3),
(1601, '150812', 'Vegueta', NULL, NULL, 160, 3),
(1602, '150901', 'Oyon', NULL, NULL, 161, 3),
(1603, '150902', 'Andajes', NULL, NULL, 161, 3),
(1604, '150903', 'Caujul', NULL, NULL, 161, 3),
(1605, '150904', 'Cochamarca', NULL, NULL, 161, 3),
(1606, '150905', 'Navan', NULL, NULL, 161, 3),
(1607, '150906', 'Pachangara', NULL, NULL, 161, 3),
(1608, '151001', 'Yauyos', NULL, NULL, 162, 3),
(1609, '151002', 'Alis', NULL, NULL, 162, 3),
(1610, '151003', 'Ayauca', NULL, NULL, 162, 3),
(1611, '151004', 'Ayaviri', NULL, NULL, 162, 3),
(1612, '151005', 'Azangaro', NULL, NULL, 162, 3),
(1613, '151006', 'Cacra', NULL, NULL, 162, 3),
(1614, '151007', 'Carania', NULL, NULL, 162, 3),
(1615, '151008', 'Catahuasi', NULL, NULL, 162, 3),
(1616, '151009', 'Chocos', NULL, NULL, 162, 3),
(1617, '151010', 'Cochas', NULL, NULL, 162, 3),
(1618, '151011', 'Colonia', NULL, NULL, 162, 3),
(1619, '151012', 'Hongos', NULL, NULL, 162, 3),
(1620, '151013', 'Huampara', NULL, NULL, 162, 3),
(1621, '151014', 'Huancaya', NULL, NULL, 162, 3),
(1622, '151015', 'Huangascar', NULL, NULL, 162, 3),
(1623, '151016', 'Huantan', NULL, NULL, 162, 3),
(1624, '151017', 'Huañec', NULL, NULL, 162, 3),
(1625, '151018', 'Laraos', NULL, NULL, 162, 3),
(1626, '151019', 'Lincha', NULL, NULL, 162, 3),
(1627, '151020', 'Madean', NULL, NULL, 162, 3),
(1628, '151021', 'Miraflores', NULL, NULL, 162, 3),
(1629, '151022', 'Omas', NULL, NULL, 162, 3),
(1630, '151023', 'Putinza', NULL, NULL, 162, 3),
(1631, '151024', 'Quinches', NULL, NULL, 162, 3),
(1632, '151025', 'Quinocay', NULL, NULL, 162, 3),
(1633, '151026', 'San Joaquin', NULL, NULL, 162, 3),
(1634, '151027', 'San Pedro De Pilas', NULL, NULL, 162, 3),
(1635, '151028', 'Tanta', NULL, NULL, 162, 3),
(1636, '151029', 'Tauripampa', NULL, NULL, 162, 3),
(1637, '151030', 'Tomas', NULL, NULL, 162, 3),
(1638, '151031', 'Tupe', NULL, NULL, 162, 3),
(1639, '151032', 'Viñac', NULL, NULL, 162, 3),
(1640, '151033', 'Vitis', NULL, NULL, 162, 3),
(1641, '160101', 'Iquitos', NULL, NULL, 163, 3),
(1642, '160102', 'Alto Nanay', NULL, NULL, 163, 3),
(1643, '160103', 'Fernando Lores', NULL, NULL, 163, 3),
(1644, '160104', 'Indiana', NULL, NULL, 163, 3),
(1645, '160105', 'Las Amazonas', NULL, NULL, 163, 3),
(1646, '160106', 'Mazan', NULL, NULL, 163, 3),
(1647, '160107', 'Napo', NULL, NULL, 163, 3),
(1648, '160108', 'Punchana', NULL, NULL, 163, 3),
(1649, '160109', 'Putumayo', NULL, NULL, 163, 3),
(1650, '160110', 'Torres Causana', NULL, NULL, 163, 3),
(1651, '160112', 'Belen', NULL, NULL, 163, 3),
(1652, '160113', 'San Juan Bautista', NULL, NULL, 163, 3),
(1653, '160114', 'Teniente Manuel Clavero', NULL, NULL, 163, 3),
(1654, '160201', 'Yurimaguas', NULL, NULL, 164, 3),
(1655, '160202', 'Balsapuerto', NULL, NULL, 164, 3),
(1656, '160205', 'Jeberos', NULL, NULL, 164, 3),
(1657, '160206', 'Lagunas', NULL, NULL, 164, 3),
(1658, '160210', 'Santa Cruz', NULL, NULL, 164, 3),
(1659, '160211', 'Teniente Cesar Lopez Rojas', NULL, NULL, 164, 3),
(1660, '160301', 'Nauta', NULL, NULL, 165, 3),
(1661, '160302', 'Parinari', NULL, NULL, 165, 3),
(1662, '160303', 'Tigre', NULL, NULL, 165, 3),
(1663, '160304', 'Trompeteros', NULL, NULL, 165, 3),
(1664, '160305', 'Urarinas', NULL, NULL, 165, 3),
(1665, '160401', 'Ramon Castilla', NULL, NULL, 166, 3),
(1666, '160402', 'Pebas', NULL, NULL, 166, 3),
(1667, '160403', 'Yavari', NULL, NULL, 166, 3),
(1668, '160404', 'San Pablo', NULL, NULL, 166, 3),
(1669, '160501', 'Requena', NULL, NULL, 167, 3),
(1670, '160502', 'Alto Tapiche', NULL, NULL, 167, 3),
(1671, '160503', 'Capelo', NULL, NULL, 167, 3),
(1672, '160504', 'Emilio San Martin', NULL, NULL, 167, 3),
(1673, '160505', 'Maquia', NULL, NULL, 167, 3),
(1674, '160506', 'Puinahua', NULL, NULL, 167, 3),
(1675, '160507', 'Saquena', NULL, NULL, 167, 3),
(1676, '160508', 'Soplin', NULL, NULL, 167, 3),
(1677, '160509', 'Tapiche', NULL, NULL, 167, 3),
(1678, '160510', 'Jenaro Herrera', NULL, NULL, 167, 3),
(1679, '160511', 'Yaquerana', NULL, NULL, 167, 3),
(1680, '160601', 'Contamana', NULL, NULL, 168, 3),
(1681, '160602', 'Inahuaya', NULL, NULL, 168, 3),
(1682, '160603', 'Padre Marquez', NULL, NULL, 168, 3),
(1683, '160604', 'Pampa Hermosa', NULL, NULL, 168, 3),
(1684, '160605', 'Sarayacu', NULL, NULL, 168, 3),
(1685, '160606', 'Vargas Guerra', NULL, NULL, 168, 3),
(1686, '160701', 'Barranca', NULL, NULL, 169, 3),
(1687, '160702', 'Cahuapanas', NULL, NULL, 169, 3),
(1688, '160703', 'Manseriche', NULL, NULL, 169, 3),
(1689, '160704', 'Morona', NULL, NULL, 169, 3),
(1690, '160705', 'Pastaza', NULL, NULL, 169, 3),
(1691, '160706', 'Andoas', NULL, NULL, 169, 3),
(1692, '170101', 'Tambopata', NULL, NULL, 170, 3),
(1693, '170102', 'Inambari', NULL, NULL, 170, 3),
(1694, '170103', 'Las Piedras', NULL, NULL, 170, 3),
(1695, '170104', 'Laberinto', NULL, NULL, 170, 3),
(1696, '170201', 'Manu', NULL, NULL, 171, 3),
(1697, '170202', 'Fitzcarrald', NULL, NULL, 171, 3),
(1698, '170203', 'Madre De Dios', NULL, NULL, 171, 3),
(1699, '170204', 'Huepetuhe', NULL, NULL, 171, 3),
(1700, '170301', 'Iñapari', NULL, NULL, 172, 3),
(1701, '170302', 'Iberia', NULL, NULL, 172, 3),
(1702, '170303', 'Tahuamanu', NULL, NULL, 172, 3),
(1703, '180101', 'Moquegua', NULL, NULL, 173, 3),
(1704, '180102', 'Carumas', NULL, NULL, 173, 3),
(1705, '180103', 'Cuchumbaya', NULL, NULL, 173, 3),
(1706, '180104', 'Samegua', NULL, NULL, 173, 3),
(1707, '180105', 'San Cristobal', NULL, NULL, 173, 3),
(1708, '180106', 'Torata', NULL, NULL, 173, 3),
(1709, '180201', 'Omate', NULL, NULL, 174, 3),
(1710, '180202', 'Chojata', NULL, NULL, 174, 3),
(1711, '180203', 'Coalaque', NULL, NULL, 174, 3),
(1712, '180204', 'Ichuña', NULL, NULL, 174, 3),
(1713, '180205', 'La Capilla', NULL, NULL, 174, 3),
(1714, '180206', 'Lloque', NULL, NULL, 174, 3),
(1715, '180207', 'Matalaque', NULL, NULL, 174, 3),
(1716, '180208', 'Puquina', NULL, NULL, 174, 3),
(1717, '180209', 'Quinistaquillas', NULL, NULL, 174, 3),
(1718, '180210', 'Ubinas', NULL, NULL, 174, 3),
(1719, '180211', 'Yunga', NULL, NULL, 174, 3),
(1720, '180301', 'Ilo', NULL, NULL, 175, 3),
(1721, '180302', 'El Algarrobal', NULL, NULL, 175, 3),
(1722, '180303', 'Pacocha', NULL, NULL, 175, 3),
(1723, '190101', 'Chaupimarca', NULL, NULL, 176, 3),
(1724, '190102', 'Huachon', NULL, NULL, 176, 3),
(1725, '190103', 'Huariaca', NULL, NULL, 176, 3),
(1726, '190104', 'Huayllay', NULL, NULL, 176, 3),
(1727, '190105', 'Ninacaca', NULL, NULL, 176, 3),
(1728, '190106', 'Pallanchacra', NULL, NULL, 176, 3),
(1729, '190107', 'Paucartambo', NULL, NULL, 176, 3),
(1730, '190108', 'San Francisco De Asis De Yarusyacan', NULL, NULL, 176, 3),
(1731, '190109', 'Simon Bolivar', NULL, NULL, 176, 3),
(1732, '190110', 'Ticlacayan', NULL, NULL, 176, 3),
(1733, '190111', 'Tinyahuarco', NULL, NULL, 176, 3),
(1734, '190112', 'Vicco', NULL, NULL, 176, 3),
(1735, '190113', 'Yanacancha', NULL, NULL, 176, 3),
(1736, '190201', 'Yanahuanca', NULL, NULL, 177, 3),
(1737, '190202', 'Chacayan', NULL, NULL, 177, 3),
(1738, '190203', 'Goyllarisquizga', NULL, NULL, 177, 3),
(1739, '190204', 'Paucar', NULL, NULL, 177, 3),
(1740, '190205', 'San Pedro De Pillao', NULL, NULL, 177, 3),
(1741, '190206', 'Santa Ana De Tusi', NULL, NULL, 177, 3),
(1742, '190207', 'Tapuc', NULL, NULL, 177, 3),
(1743, '190208', 'Vilcabamba', NULL, NULL, 177, 3),
(1744, '190301', 'Oxapampa', NULL, NULL, 178, 3),
(1745, '190302', 'Chontabamba', NULL, NULL, 178, 3),
(1746, '190303', 'Huancabamba', NULL, NULL, 178, 3),
(1747, '190304', 'Palcazu', NULL, NULL, 178, 3),
(1748, '190305', 'Pozuzo', NULL, NULL, 178, 3),
(1749, '190306', 'Puerto Bermudez', NULL, NULL, 178, 3),
(1750, '190307', 'Villa Rica', NULL, NULL, 178, 3),
(1751, '200101', 'Piura', NULL, NULL, 179, 3),
(1752, '200104', 'Castilla', NULL, NULL, 179, 3),
(1753, '200105', 'Catacaos', NULL, NULL, 179, 3),
(1754, '200107', 'Cura Mori', NULL, NULL, 179, 3),
(1755, '200108', 'El Tallan', NULL, NULL, 179, 3),
(1756, '200109', 'La Arena', NULL, NULL, 179, 3),
(1757, '200110', 'La Union', NULL, NULL, 179, 3),
(1758, '200111', 'Las Lomas', NULL, NULL, 179, 3),
(1759, '200114', 'Tambo Grande', NULL, NULL, 179, 3),
(1760, '200201', 'Ayabaca', NULL, NULL, 180, 3),
(1761, '200202', 'Frias', NULL, NULL, 180, 3),
(1762, '200203', 'Jilili', NULL, NULL, 180, 3),
(1763, '200204', 'Lagunas', NULL, NULL, 180, 3),
(1764, '200205', 'Montero', NULL, NULL, 180, 3),
(1765, '200206', 'Pacaipampa', NULL, NULL, 180, 3),
(1766, '200207', 'Paimas', NULL, NULL, 180, 3),
(1767, '200208', 'Sapillica', NULL, NULL, 180, 3),
(1768, '200209', 'Sicchez', NULL, NULL, 180, 3),
(1769, '200210', 'Suyo', NULL, NULL, 180, 3),
(1770, '200301', 'Huancabamba', NULL, NULL, 181, 3),
(1771, '200302', 'Canchaque', NULL, NULL, 181, 3),
(1772, '200303', 'El Carmen De La Frontera', NULL, NULL, 181, 3),
(1773, '200304', 'Huarmaca', NULL, NULL, 181, 3),
(1774, '200305', 'Lalaquiz', NULL, NULL, 181, 3),
(1775, '200306', 'San Miguel De El Faique', NULL, NULL, 181, 3),
(1776, '200307', 'Sondor', NULL, NULL, 181, 3),
(1777, '200308', 'Sondorillo', NULL, NULL, 181, 3),
(1778, '200401', 'Chulucanas', NULL, NULL, 182, 3),
(1779, '200402', 'Buenos Aires', NULL, NULL, 182, 3),
(1780, '200403', 'Chalaco', NULL, NULL, 182, 3),
(1781, '200404', 'La Matanza', NULL, NULL, 182, 3),
(1782, '200405', 'Morropon', NULL, NULL, 182, 3),
(1783, '200406', 'Salitral', NULL, NULL, 182, 3),
(1784, '200407', 'San Juan De Bigote', NULL, NULL, 182, 3),
(1785, '200408', 'Santa Catalina De Mossa', NULL, NULL, 182, 3),
(1786, '200409', 'Santo Domingo', NULL, NULL, 182, 3),
(1787, '200410', 'Yamango', NULL, NULL, 182, 3),
(1788, '200501', 'Paita', NULL, NULL, 183, 3),
(1789, '200502', 'Amotape', NULL, NULL, 183, 3),
(1790, '200503', 'Arenal', NULL, NULL, 183, 3),
(1791, '200504', 'Colan', NULL, NULL, 183, 3),
(1792, '200505', 'La Huaca', NULL, NULL, 183, 3),
(1793, '200506', 'Tamarindo', NULL, NULL, 183, 3),
(1794, '200507', 'Vichayal', NULL, NULL, 183, 3),
(1795, '200601', 'Sullana', NULL, NULL, 184, 3),
(1796, '200602', 'Bellavista', NULL, NULL, 184, 3),
(1797, '200603', 'Ignacio Escudero', NULL, NULL, 184, 3),
(1798, '200604', 'Lancones', NULL, NULL, 184, 3),
(1799, '200605', 'Marcavelica', NULL, NULL, 184, 3),
(1800, '200606', 'Miguel Checa', NULL, NULL, 184, 3),
(1801, '200607', 'Querecotillo', NULL, NULL, 184, 3),
(1802, '200608', 'Salitral', NULL, NULL, 184, 3),
(1803, '200701', 'Pariñas', NULL, NULL, 185, 3),
(1804, '200702', 'El Alto', NULL, NULL, 185, 3),
(1805, '200703', 'La Brea', NULL, NULL, 185, 3),
(1806, '200704', 'Lobitos', NULL, NULL, 185, 3),
(1807, '200705', 'Los Organos', NULL, NULL, 185, 3),
(1808, '200706', 'Mancora', NULL, NULL, 185, 3),
(1809, '200801', 'Sechura', NULL, NULL, 186, 3),
(1810, '200802', 'Bellavista De La Union', NULL, NULL, 186, 3),
(1811, '200803', 'Bernal', NULL, NULL, 186, 3),
(1812, '200804', 'Cristo Nos Valga', NULL, NULL, 186, 3),
(1813, '200805', 'Vice', NULL, NULL, 186, 3),
(1814, '200806', 'Rinconada Llicuar', NULL, NULL, 186, 3),
(1815, '210101', 'Puno', NULL, NULL, 187, 3),
(1816, '210102', 'Acora', NULL, NULL, 187, 3),
(1817, '210103', 'Amantani', NULL, NULL, 187, 3),
(1818, '210104', 'Atuncolla', NULL, NULL, 187, 3),
(1819, '210105', 'Capachica', NULL, NULL, 187, 3),
(1820, '210106', 'Chucuito', NULL, NULL, 187, 3),
(1821, '210107', 'Coata', NULL, NULL, 187, 3),
(1822, '210108', 'Huata', NULL, NULL, 187, 3),
(1823, '210109', 'Mañazo', NULL, NULL, 187, 3),
(1824, '210110', 'Paucarcolla', NULL, NULL, 187, 3),
(1825, '210111', 'Pichacani', NULL, NULL, 187, 3),
(1826, '210112', 'Plateria', NULL, NULL, 187, 3),
(1827, '210113', 'San Antonio', NULL, NULL, 187, 3),
(1828, '210114', 'Tiquillaca', NULL, NULL, 187, 3),
(1829, '210115', 'Vilque', NULL, NULL, 187, 3),
(1830, '210201', 'Azangaro', NULL, NULL, 188, 3),
(1831, '210202', 'Achaya', NULL, NULL, 188, 3),
(1832, '210203', 'Arapa', NULL, NULL, 188, 3),
(1833, '210204', 'Asillo', NULL, NULL, 188, 3),
(1834, '210205', 'Caminaca', NULL, NULL, 188, 3),
(1835, '210206', 'Chupa', NULL, NULL, 188, 3),
(1836, '210207', 'Jose Domingo Choquehuanca', NULL, NULL, 188, 3),
(1837, '210208', 'Muñani', NULL, NULL, 188, 3),
(1838, '210209', 'Potoni', NULL, NULL, 188, 3),
(1839, '210210', 'Saman', NULL, NULL, 188, 3),
(1840, '210211', 'San Anton', NULL, NULL, 188, 3),
(1841, '210212', 'San Jose', NULL, NULL, 188, 3),
(1842, '210213', 'San Juan De Salinas', NULL, NULL, 188, 3),
(1843, '210214', 'Santiago De Pupuja', NULL, NULL, 188, 3),
(1844, '210215', 'Tirapata', NULL, NULL, 188, 3),
(1845, '210301', 'Macusani', NULL, NULL, 189, 3),
(1846, '210302', 'Ajoyani', NULL, NULL, 189, 3),
(1847, '210303', 'Ayapata', NULL, NULL, 189, 3),
(1848, '210304', 'Coasa', NULL, NULL, 189, 3),
(1849, '210305', 'Corani', NULL, NULL, 189, 3),
(1850, '210306', 'Crucero', NULL, NULL, 189, 3),
(1851, '210307', 'Ituata', NULL, NULL, 189, 3),
(1852, '210308', 'Ollachea', NULL, NULL, 189, 3),
(1853, '210309', 'San Gaban', NULL, NULL, 189, 3),
(1854, '210310', 'Usicayos', NULL, NULL, 189, 3),
(1855, '210401', 'Juli', NULL, NULL, 190, 3),
(1856, '210402', 'Desaguadero', NULL, NULL, 190, 3),
(1857, '210403', 'Huacullani', NULL, NULL, 190, 3),
(1858, '210404', 'Kelluyo', NULL, NULL, 190, 3),
(1859, '210405', 'Pisacoma', NULL, NULL, 190, 3),
(1860, '210406', 'Pomata', NULL, NULL, 190, 3),
(1861, '210407', 'Zepita', NULL, NULL, 190, 3),
(1862, '210501', 'Ilave', NULL, NULL, 191, 3),
(1863, '210502', 'Capazo', NULL, NULL, 191, 3),
(1864, '210503', 'Pilcuyo', NULL, NULL, 191, 3),
(1865, '210504', 'Santa Rosa', NULL, NULL, 191, 3),
(1866, '210505', 'Conduriri', NULL, NULL, 191, 3),
(1867, '210601', 'Huancane', NULL, NULL, 192, 3),
(1868, '210602', 'Cojata', NULL, NULL, 192, 3),
(1869, '210603', 'Huatasani', NULL, NULL, 192, 3),
(1870, '210604', 'Inchupalla', NULL, NULL, 192, 3),
(1871, '210605', 'Pusi', NULL, NULL, 192, 3),
(1872, '210606', 'Rosaspata', NULL, NULL, 192, 3),
(1873, '210607', 'Taraco', NULL, NULL, 192, 3),
(1874, '210608', 'Vilque Chico', NULL, NULL, 192, 3),
(1875, '210701', 'Lampa', NULL, NULL, 193, 3),
(1876, '210702', 'Cabanilla', NULL, NULL, 193, 3),
(1877, '210703', 'Calapuja', NULL, NULL, 193, 3),
(1878, '210704', 'Nicasio', NULL, NULL, 193, 3),
(1879, '210705', 'Ocuviri', NULL, NULL, 193, 3),
(1880, '210706', 'Palca', NULL, NULL, 193, 3),
(1881, '210707', 'Paratia', NULL, NULL, 193, 3),
(1882, '210708', 'Pucara', NULL, NULL, 193, 3),
(1883, '210709', 'Santa Lucia', NULL, NULL, 193, 3),
(1884, '210710', 'Vilavila', NULL, NULL, 193, 3),
(1885, '210801', 'Ayaviri', NULL, NULL, 194, 3),
(1886, '210802', 'Antauta', NULL, NULL, 194, 3),
(1887, '210803', 'Cupi', NULL, NULL, 194, 3),
(1888, '210804', 'Llalli', NULL, NULL, 194, 3),
(1889, '210805', 'Macari', NULL, NULL, 194, 3),
(1890, '210806', 'Nuñoa', NULL, NULL, 194, 3),
(1891, '210807', 'Orurillo', NULL, NULL, 194, 3),
(1892, '210808', 'Santa Rosa', NULL, NULL, 194, 3),
(1893, '210809', 'Umachiri', NULL, NULL, 194, 3),
(1894, '210901', 'Moho', NULL, NULL, 195, 3),
(1895, '210902', 'Conima', NULL, NULL, 195, 3),
(1896, '210903', 'Huayrapata', NULL, NULL, 195, 3),
(1897, '210904', 'Tilali', NULL, NULL, 195, 3),
(1898, '211001', 'Putina', NULL, NULL, 196, 3),
(1899, '211002', 'Ananea', NULL, NULL, 196, 3),
(1900, '211003', 'Pedro Vilca Apaza', NULL, NULL, 196, 3),
(1901, '211004', 'Quilcapuncu', NULL, NULL, 196, 3),
(1902, '211005', 'Sina', NULL, NULL, 196, 3),
(1903, '211101', 'Juliaca', NULL, NULL, 197, 3),
(1904, '211102', 'Cabana', NULL, NULL, 197, 3),
(1905, '211103', 'Cabanillas', NULL, NULL, 197, 3),
(1906, '211104', 'Caracoto', NULL, NULL, 197, 3),
(1907, '211201', 'Sandia', NULL, NULL, 198, 3),
(1908, '211202', 'Cuyocuyo', NULL, NULL, 198, 3),
(1909, '211203', 'Limbani', NULL, NULL, 198, 3),
(1910, '211204', 'Patambuco', NULL, NULL, 198, 3),
(1911, '211205', 'Phara', NULL, NULL, 198, 3),
(1912, '211206', 'Quiaca', NULL, NULL, 198, 3),
(1913, '211207', 'San Juan Del Oro', NULL, NULL, 198, 3),
(1914, '211208', 'Yanahuaya', NULL, NULL, 198, 3),
(1915, '211209', 'Alto Inambari', NULL, NULL, 198, 3),
(1916, '211210', 'San Pedro De Putina Punco', NULL, NULL, 198, 3),
(1917, '211301', 'Yunguyo', NULL, NULL, 199, 3),
(1918, '211302', 'Anapia', NULL, NULL, 199, 3),
(1919, '211303', 'Copani', NULL, NULL, 199, 3),
(1920, '211304', 'Cuturapi', NULL, NULL, 199, 3),
(1921, '211305', 'Ollaraya', NULL, NULL, 199, 3),
(1922, '211306', 'Tinicachi', NULL, NULL, 199, 3),
(1923, '211307', 'Unicachi', NULL, NULL, 199, 3),
(1924, '220101', 'Moyobamba', NULL, NULL, 200, 3),
(1925, '220102', 'Calzada', NULL, NULL, 200, 3),
(1926, '220103', 'Habana', NULL, NULL, 200, 3),
(1927, '220104', 'Jepelacio', NULL, NULL, 200, 3),
(1928, '220105', 'Soritor', NULL, NULL, 200, 3),
(1929, '220106', 'Yantalo', NULL, NULL, 200, 3),
(1930, '220201', 'Bellavista', NULL, NULL, 201, 3),
(1931, '220202', 'Alto Biavo', NULL, NULL, 201, 3),
(1932, '220203', 'Bajo Biavo', NULL, NULL, 201, 3),
(1933, '220204', 'Huallaga', NULL, NULL, 201, 3),
(1934, '220205', 'San Pablo', NULL, NULL, 201, 3),
(1935, '220206', 'San Rafael', NULL, NULL, 201, 3),
(1936, '220301', 'San Jose De Sisa', NULL, NULL, 202, 3),
(1937, '220302', 'Agua Blanca', NULL, NULL, 202, 3),
(1938, '220303', 'San Martin', NULL, NULL, 202, 3),
(1939, '220304', 'Santa Rosa', NULL, NULL, 202, 3),
(1940, '220305', 'Shatoja', NULL, NULL, 202, 3),
(1941, '220401', 'Saposoa', NULL, NULL, 203, 3),
(1942, '220402', 'Alto Saposoa', NULL, NULL, 203, 3),
(1943, '220403', 'El Eslabon', NULL, NULL, 203, 3),
(1944, '220404', 'Piscoyacu', NULL, NULL, 203, 3),
(1945, '220405', 'Sacanche', NULL, NULL, 203, 3),
(1946, '220406', 'Tingo De Saposoa', NULL, NULL, 203, 3),
(1947, '220501', 'Lamas', NULL, NULL, 204, 3),
(1948, '220502', 'Alonso De Alvarado', NULL, NULL, 204, 3),
(1949, '220503', 'Barranquita', NULL, NULL, 204, 3),
(1950, '220504', 'Caynarachi', NULL, NULL, 204, 3),
(1951, '220505', 'Cuñumbuqui', NULL, NULL, 204, 3),
(1952, '220506', 'Pinto Recodo', NULL, NULL, 204, 3),
(1953, '220507', 'Rumisapa', NULL, NULL, 204, 3),
(1954, '220508', 'San Roque De Cumbaza', NULL, NULL, 204, 3),
(1955, '220509', 'Shanao', NULL, NULL, 204, 3),
(1956, '220510', 'Tabalosos', NULL, NULL, 204, 3),
(1957, '220511', 'Zapatero', NULL, NULL, 204, 3),
(1958, '220601', 'Juanjui', NULL, NULL, 205, 3),
(1959, '220602', 'Campanilla', NULL, NULL, 205, 3),
(1960, '220603', 'Huicungo', NULL, NULL, 205, 3),
(1961, '220604', 'Pachiza', NULL, NULL, 205, 3),
(1962, '220605', 'Pajarillo', NULL, NULL, 205, 3),
(1963, '220701', 'Picota', NULL, NULL, 206, 3),
(1964, '220702', 'Buenos Aires', NULL, NULL, 206, 3),
(1965, '220703', 'Caspisapa', NULL, NULL, 206, 3),
(1966, '220704', 'Pilluana', NULL, NULL, 206, 3),
(1967, '220705', 'Pucacaca', NULL, NULL, 206, 3),
(1968, '220706', 'San Cristobal', NULL, NULL, 206, 3),
(1969, '220707', 'San Hilarion', NULL, NULL, 206, 3),
(1970, '220708', 'Shamboyacu', NULL, NULL, 206, 3),
(1971, '220709', 'Tingo De Ponasa', NULL, NULL, 206, 3),
(1972, '220710', 'Tres Unidos', NULL, NULL, 206, 3),
(1973, '220801', 'Rioja', NULL, NULL, 207, 3),
(1974, '220802', 'Awajun', NULL, NULL, 207, 3),
(1975, '220803', 'Elias Soplin Vargas', NULL, NULL, 207, 3),
(1976, '220804', 'Nueva Cajamarca', NULL, NULL, 207, 3),
(1977, '220805', 'Pardo Miguel', NULL, NULL, 207, 3),
(1978, '220806', 'Posic', NULL, NULL, 207, 3),
(1979, '220807', 'San Fernando', NULL, NULL, 207, 3),
(1980, '220808', 'Yorongos', NULL, NULL, 207, 3),
(1981, '220809', 'Yuracyacu', NULL, NULL, 207, 3),
(1982, '220901', 'Tarapoto', NULL, NULL, 208, 3),
(1983, '220902', 'Alberto Leveau', NULL, NULL, 208, 3),
(1984, '220903', 'Cacatachi', NULL, NULL, 208, 3),
(1985, '220904', 'Chazuta', NULL, NULL, 208, 3),
(1986, '220905', 'Chipurana', NULL, NULL, 208, 3),
(1987, '220906', 'El Porvenir', NULL, NULL, 208, 3),
(1988, '220907', 'Huimbayoc', NULL, NULL, 208, 3),
(1989, '220908', 'Juan Guerra', NULL, NULL, 208, 3),
(1990, '220909', 'La Banda De Shilcayo', NULL, NULL, 208, 3),
(1991, '220910', 'Morales', NULL, NULL, 208, 3),
(1992, '220911', 'Papaplaya', NULL, NULL, 208, 3),
(1993, '220912', 'San Antonio', NULL, NULL, 208, 3),
(1994, '220913', 'Sauce', NULL, NULL, 208, 3),
(1995, '220914', 'Shapaja', NULL, NULL, 208, 3),
(1996, '221001', 'Tocache', NULL, NULL, 209, 3),
(1997, '221002', 'Nuevo Progreso', NULL, NULL, 209, 3),
(1998, '221003', 'Polvora', NULL, NULL, 209, 3),
(1999, '221004', 'Shunte', NULL, NULL, 209, 3),
(2000, '221005', 'Uchiza', NULL, NULL, 209, 3),
(2001, '230101', 'Tacna', NULL, NULL, 210, 3),
(2002, '230102', 'Alto De La Alianza', NULL, NULL, 210, 3),
(2003, '230103', 'Calana', NULL, NULL, 210, 3),
(2004, '230104', 'Ciudad Nueva', NULL, NULL, 210, 3),
(2005, '230105', 'Inclan', NULL, NULL, 210, 3),
(2006, '230106', 'Pachia', NULL, NULL, 210, 3),
(2007, '230107', 'Palca', NULL, NULL, 210, 3),
(2008, '230108', 'Pocollay', NULL, NULL, 210, 3),
(2009, '230109', 'Sama', NULL, NULL, 210, 3),
(2010, '230110', 'Coronel Gregorio Albarracin Lanchipa', NULL, NULL, 210, 3),
(2011, '230201', 'Candarave', NULL, NULL, 211, 3),
(2012, '230202', 'Cairani', NULL, NULL, 211, 3),
(2013, '230203', 'Camilaca', NULL, NULL, 211, 3),
(2014, '230204', 'Curibaya', NULL, NULL, 211, 3),
(2015, '230205', 'Huanuara', NULL, NULL, 211, 3),
(2016, '230206', 'Quilahuani', NULL, NULL, 211, 3),
(2017, '230301', 'Locumba', NULL, NULL, 212, 3),
(2018, '230302', 'Ilabaya', NULL, NULL, 212, 3),
(2019, '230303', 'Ite', NULL, NULL, 212, 3),
(2020, '230401', 'Tarata', NULL, NULL, 213, 3),
(2021, '230402', 'Heroes Albarracin', NULL, NULL, 213, 3),
(2022, '230403', 'Estique', NULL, NULL, 213, 3),
(2023, '230404', 'Estique-pampa', NULL, NULL, 213, 3),
(2024, '230405', 'Sitajara', NULL, NULL, 213, 3),
(2025, '230406', 'Susapaya', NULL, NULL, 213, 3),
(2026, '230407', 'Tarucachi', NULL, NULL, 213, 3),
(2027, '230408', 'Ticaco', NULL, NULL, 213, 3),
(2028, '240101', 'Tumbes', NULL, NULL, 214, 3),
(2029, '240102', 'Corrales', NULL, NULL, 214, 3),
(2030, '240103', 'La Cruz', NULL, NULL, 214, 3),
(2031, '240104', 'Pampas De Hospital', NULL, NULL, 214, 3),
(2032, '240105', 'San Jacinto', NULL, NULL, 214, 3),
(2033, '240106', 'San Juan De La Virgen', NULL, NULL, 214, 3),
(2034, '240201', 'Zorritos', NULL, NULL, 215, 3),
(2035, '240202', 'Casitas', NULL, NULL, 215, 3),
(2036, '240203', 'Canoas De Punta Sal', NULL, NULL, 215, 3),
(2037, '240301', 'Zarumilla', NULL, NULL, 216, 3),
(2038, '240302', 'Aguas Verdes', NULL, NULL, 216, 3),
(2039, '240303', 'Matapalo', NULL, NULL, 216, 3),
(2040, '240304', 'Papayal', NULL, NULL, 216, 3),
(2041, '250101', 'Calleria', NULL, NULL, 217, 3),
(2042, '250102', 'Campoverde', NULL, NULL, 217, 3),
(2043, '250103', 'Iparia', NULL, NULL, 217, 3),
(2044, '250104', 'Masisea', NULL, NULL, 217, 3),
(2045, '250105', 'Yarinacocha', NULL, NULL, 217, 3),
(2046, '250106', 'Nueva Requena', NULL, NULL, 217, 3),
(2047, '250107', 'Manantay', NULL, NULL, 217, 3),
(2048, '250201', 'Raymondi', NULL, NULL, 218, 3),
(2049, '250202', 'Sepahua', NULL, NULL, 218, 3),
(2050, '250203', 'Tahuania', NULL, NULL, 218, 3),
(2051, '250204', 'Yurua', NULL, NULL, 218, 3),
(2052, '250301', 'Padre Abad', NULL, NULL, 219, 3),
(2053, '250302', 'Irazola', NULL, NULL, 219, 3),
(2054, '250303', 'Curimana', NULL, NULL, 219, 3),
(2055, '250401', 'Purus', NULL, NULL, 220, 3);
COMMIT;

/*!40101 SET CHARACTER_SET_CLIENT=@OLD_CHARACTER_SET_CLIENT */;
/*!40101 SET CHARACTER_SET_RESULTS=@OLD_CHARACTER_SET_RESULTS */;
/*!40101 SET COLLATION_CONNECTION=@OLD_COLLATION_CONNECTION */;
